user_id,degree_in_subset,sent_events,total_appearances,window_pattern,label,date_joined,username,account_age_days_at_start
2223094500425728367,43,5,298,01,contiguous_2,2017-05-26T06:51:56,Frenchis-Deli,425
1887970852339712230,5,8,14,01,contiguous_2,2016-02-18T21:41:04,clairefrigo,888
1870080887488512805,2,3,4,01,contiguous_2,2016-01-25T05:16:54,CraigHubler,912
2085810568429568853,2,3,3,0,single_window,2016-11-17T20:53:16,pay-me-my-money,615
1948606487592961022,2,8,10,012,steady_all3,2016-05-12T13:33:15,Annie-Henry-2,804
2279306344529920704,2,8,9,01,contiguous_2,2017-08-11T20:14:50,themarcolucero,348
2014975216320512039,2,4,5,012,steady_all3,2016-08-12T03:16:04,VanessaGoyes,712
2127855412576256282,2,3,6,01,contiguous_2,2017-01-14T21:08:52,JoeTercasio,557
1914293440217088779,2,3,4,01,contiguous_2,2016-03-26T05:19:21,Elly-Kushner,851
2209862637322240925,3,3,9,1,single_window,2017-05-08T00:42:35,AlexRichey,443
2097654360178688638,2,3,5,1,single_window,2016-12-04T05:04:46,madelinepreece,598
2288653141278720775,2,3,4,01,contiguous_2,2017-08-24T17:45:15,Ben-Desiderato,335
1990126985019392228,2,3,4,12,contiguous_2,2016-07-08T20:27:04,Bridget-Kotek,747
2264907248566272910,3,5,10,01,contiguous_2,2017-07-22T23:26:24,BBettez,368
1913990837960704356,2,4,9,01,contiguous_2,2016-03-25T19:18:08,benrubin,852
1955172041359360314,2,11,16,01,contiguous_2,2016-05-21T14:57:50,conlanmahar,795
2088872720728064998,2,7,8,01,contiguous_2,2016-11-22T02:17:13,Liam-Galiczynski,610
2275936430981120621,2,4,4,01,contiguous_2,2017-08-07T04:39:25,kileyverbanac,352
2048905852223488248,2,4,7,01,contiguous_2,2016-09-27T22:50:11,butane,666
2010478318452736770,4,4,6,01,contiguous_2,2016-08-05T22:21:32,Michael_Greco,719
2293151582650368627,2,3,3,1,single_window,2017-08-30T22:42:51,Ryan-Rattley,329
2134523449966592371,4,12,16,01,contiguous_2,2017-01-24T01:57:04,Max-Lampe,547
1722841934331904911,3,3,5,01,contiguous_2,2015-07-06T01:39:23,khand17,1115
2267040488357888525,2,5,6,01,contiguous_2,2017-07-25T22:04:46,Zak-Schmidt-1,365
1856013443530752286,3,4,7,0,single_window,2016-01-05T19:27:24,Mitch-Kelly,932
2317697127809024671,2,3,5,01,contiguous_2,2017-10-03T19:30:28,Dylan-Verna,295
2393062470844416879,3,3,4,01,contiguous_2,2018-01-15T19:07:57,Isabel-Uzelac,191
2288060007972864390,2,5,7,01,contiguous_2,2017-08-23T22:06:48,kdittus,336
1836620684722176724,2,7,9,01,contiguous_2,2015-12-10T01:17:27,rachelburkey,958
2075509634629632315,2,3,9,01,contiguous_2,2016-11-03T15:47:09,Cathy-Almalouf,629
2117608501411840569,2,6,8,01,contiguous_2,2016-12-31T17:50:05,jackk333,571
2129437822812160827,4,4,13,01,contiguous_2,2017-01-17T01:32:50,TJ-Pagan,554
2422991438741504418,2,4,6,01,contiguous_2,2018-02-26T02:11:28,Ryann-DeMaio,149
2075506556010496607,2,5,7,01,contiguous_2,2016-11-03T15:41:02,Janet-Daoud,629
2340864256901120596,4,8,15,01,contiguous_2,2017-11-04T18:39:25,nicolefry10,263
2310007064363008470,2,3,4,01,contiguous_2,2017-09-23T04:51:41,Kayla-Almenas,305
2112907391270912414,3,6,9,01,contiguous_2,2016-12-25T06:09:49,Nadim-Korkmaz,577
2364050537185280795,2,3,5,01,contiguous_2,2017-12-06T18:26:25,JakeAdonizio,231
2296895737167872543,2,3,5,0,single_window,2017-09-05T02:41:49,Ryan-Broccolo,323
2283845604868096684,2,4,6,01,contiguous_2,2017-08-18T02:33:32,camreenelson,341
1945875962134528529,2,5,7,01,contiguous_2,2016-05-08T19:08:11,Hagin-Butson,808
2042425694486528341,2,6,7,01,contiguous_2,2016-09-19T00:15:16,Burhan-Bhatti,674
2005286223085568910,2,8,11,01,contiguous_2,2016-07-29T18:25:46,MaddyPlasket,726
2143845525487616187,3,3,5,01,contiguous_2,2017-02-05T22:38:22,YohnnySoHo,535
2147280845012992048,2,5,6,01,contiguous_2,2017-02-10T16:23:44,Pamela-Frigo,530
1992276146388992117,2,3,5,01,contiguous_2,2016-07-11T19:37:04,Mia-Frigo,744
1888623200829440019,2,4,7,01,contiguous_2,2016-02-19T19:17:10,maggiewalter,887
1770638603714560386,2,3,6,0,single_window,2015-09-10T00:22:50,LauraTonelli,1049
1599349360427008916,2,4,10,01,contiguous_2,2015-01-16T16:21:41,Hailey-Wattman,1286
1711158549544960452,2,4,7,01,contiguous_2,2015-06-19T22:46:35,MoraLucero,1132
2122829495533568731,2,5,10,01,contiguous_2,2017-01-07T22:43:16,sydtay23,564
2060591023783936694,2,5,6,01,contiguous_2,2016-10-14T01:46:32,Sean-Sehn,649
2246912006684672135,2,6,9,01,contiguous_2,2017-06-28T03:33:04,tseitz11,392
2019977578151936904,2,3,4,01,contiguous_2,2016-08-19T00:54:52,Conner-Johnson5,705
2303963340734464735,3,7,10,01,contiguous_2,2017-09-14T20:43:53,PeteByman,314
1985130990141440832,3,8,11,012,steady_all3,2016-07-01T23:00:55,roos_campbell,754
1990925395951616794,2,3,5,01,contiguous_2,2016-07-09T22:53:22,brynnenewcomer,746
2026342375751680171,3,3,7,01,contiguous_2,2016-08-27T19:40:35,Hannah-Inchausti,697
2144820759887872362,3,4,6,01,contiguous_2,2017-02-07T06:55:59,jencrwfrd,533
2145413607981056805,2,3,8,01,contiguous_2,2017-02-08T02:33:52,gmm22,532
2067065611485184548,2,4,6,01,contiguous_2,2016-10-23T00:10:23,Rschwartz18,640
2136594781831168408,2,3,8,01,contiguous_2,2017-01-26T22:32:26,maxmilan86,545
2391578987462656534,3,6,7,012,steady_all3,2018-01-13T18:00:32,Jacob-Tepe,193
2228227774873600147,3,3,9,01,contiguous_2,2017-06-02T08:50:50,Abbas-Kizilbash,418
2061304407785472302,3,6,11,01,contiguous_2,2016-10-15T01:23:54,Adin-Link,648
2077642572431360101,2,3,3,0,single_window,2016-11-06T14:24:55,yousif-shwetar,626
2257528276647936460,2,4,6,0,single_window,2017-07-12T19:05:42,Ashley-Darreff,378
1896791901470720963,3,5,9,01,contiguous_2,2016-03-02T01:46:55,Madison-Serio,875
2040252583641088777,2,4,5,12,contiguous_2,2016-09-16T00:17:41,Christian-Camacho-10,677
2126980715642880770,6,3,10,01,contiguous_2,2017-01-13T16:11:00,Sam-Sternstein,558
2252475105017856750,2,3,6,0,single_window,2017-07-05T19:45:57,ChrisCappas,385
2128722702368768814,2,3,3,1,single_window,2017-01-16T01:52:01,Ozium,555
2023369125920768031,2,7,10,01,contiguous_2,2016-08-23T17:13:16,cerz13,701
1907627290263552423,2,6,6,01,contiguous_2,2016-03-17T00:34:54,joepauljoe,860
2060514855223296020,2,3,7,1,single_window,2016-10-13T23:15:12,VirginiaPoliwoda,650
2017855772033024974,2,4,10,01,contiguous_2,2016-08-16T02:39:13,juliahellerr,708
1603870853693440511,2,5,7,01,contiguous_2,2015-01-22T22:05:05,mandiserio,1280
2179439219703808931,2,5,11,01,contiguous_2,2017-03-27T01:16:41,Nick-George-35,485
2269125468487680996,4,4,14,1,single_window,2017-07-28T19:07:15,Aaron-Wolpert-2,362
2228590213070848697,2,3,8,01,contiguous_2,2017-06-02T20:50:56,AlexDutt,418
1814549283995648590,2,4,7,01,contiguous_2,2015-11-09T14:25:31,kirsten824,989
1899497428877312141,2,3,5,01,contiguous_2,2016-03-05T19:22:19,megmreid,872
1765444570578944669,2,3,6,01,contiguous_2,2015-09-02T20:23:13,halleroesser,1057
2012325213110272575,3,3,7,0,single_window,2016-08-08T11:30:59,CraigFischer,716
2306068789067776187,3,7,9,01,contiguous_2,2017-09-17T18:27:02,Liam-Curtin-1,311
2100263577976833018,2,4,6,01,contiguous_2,2016-12-07T19:28:49,AsifSiddique,595
2153081743605760245,3,3,4,01,contiguous_2,2017-02-18T16:29:05,alyssajames1201,522
2274959158149120835,5,6,16,01,contiguous_2,2017-08-05T20:17:45,Kevin-Samaan,354
2283895936516096519,6,11,22,01,contiguous_2,2017-08-18T04:13:32,kevchoii,341
2314411242946560917,4,3,7,01,contiguous_2,2017-09-29T06:42:00,Skyler-Young,299
1950037215019008753,3,5,8,01,contiguous_2,2016-05-14T12:55:51,Jordan-Scholder,802
2115685262032896046,2,5,9,01,contiguous_2,2016-12-29T02:08:57,Molehman,573
2277013964455936841,3,4,4,01,contiguous_2,2017-08-08T16:20:17,Jack-Howley-2,351
2079441341644800898,2,3,13,1,single_window,2016-11-09T01:58:45,Ragger25,623
1902713906397184366,3,3,9,01,contiguous_2,2016-03-10T05:52:53,Jacqueline-Kline,867
2171217175904256565,3,5,12,0,single_window,2017-03-15T17:00:57,jonwinne,497
2247471728164864557,2,6,10,01,contiguous_2,2017-06-28T22:05:08,drew_landis15,392
2248348773908480791,2,6,11,012,steady_all3,2017-06-30T03:07:40,hermskie,390
2149483861245952486,2,6,8,01,contiguous_2,2017-02-13T17:20:44,mattshelton17,527
1730659672391680879,2,4,8,1,single_window,2015-07-16T20:31:50,Kimberly-Cahill-1,1105
2051602387042304629,5,5,12,01,contiguous_2,2016-10-01T16:07:43,Ryan-Barrow-1,662
1732949024178176405,3,8,8,01,contiguous_2,2015-07-20T00:20:22,Shamus-OHaire,1101
2288886361358336529,4,5,13,012,steady_all3,2017-08-25T01:28:37,Lauren-Kraft-8,334
2257547587223552052,2,4,8,01,contiguous_2,2017-07-12T19:44:04,Dominic-Miceli-1,378
2049446607060992438,3,4,7,01,contiguous_2,2016-09-28T16:44:34,Carl-Hakansson,665
2438645898280961002,6,3,23,1,single_window,2018-03-19T16:34:05,PittLKS,128
2190136666226688946,3,4,10,01,contiguous_2,2017-04-10T19:30:36,TFunke,471
2304500664631296022,6,12,23,01,contiguous_2,2017-09-15T14:31:27,tdmartinez24,313
1862045523771392049,4,6,10,01,contiguous_2,2016-01-14T03:12:04,Michael-More,923
2291039247269888740,3,6,12,01,contiguous_2,2017-08-28T00:46:01,Austin-Goldberg-4,331
2074017318043648090,3,7,10,01,contiguous_2,2016-11-01T14:22:11,sean40morrison,631
2053226010509312036,4,4,8,01,contiguous_2,2016-10-03T21:53:34,AlexGetz14,660
2407015494189056840,4,6,6,01,contiguous_2,2018-02-04T01:10:07,Danny-Azoff,171
2123569806966784222,2,3,7,01,contiguous_2,2017-01-08T23:14:08,StefanSchutzer,563
1971828151025664836,3,3,9,01,contiguous_2,2016-06-13T14:30:33,TadlockLucas7,772
2273439335317504810,2,4,7,01,contiguous_2,2017-08-03T17:58:08,adamlewis08,356
2160555045421056996,2,3,16,01,contiguous_2,2017-02-28T23:57:12,pres6carey,512
1884978157715456264,2,6,12,01,contiguous_2,2016-02-14T18:35:07,Dylan-Whitford,892
1894349398867968139,2,8,11,01,contiguous_2,2016-02-27T16:54:06,allyfeild,879
1769030625001472680,2,4,8,12,contiguous_2,2015-09-07T19:08:04,Lilyeq,1052
2028363023646720137,5,7,17,01,contiguous_2,2016-08-30T14:35:15,jeffreyshelton12,694
2130716464775168795,2,3,7,01,contiguous_2,2017-01-18T19:53:16,Arianna-Choing,553
2233842303762432156,2,4,6,0,single_window,2017-06-10T02:45:54,Genevieve-Edelson,410
2283810699870208856,2,4,9,01,contiguous_2,2017-08-18T01:24:11,Anthony-Opromolla,341
1926253732954112587,2,4,8,01,contiguous_2,2016-04-11T17:22:19,Tyler-Murin,835
2313291103731712390,2,4,6,01,contiguous_2,2017-09-27T17:36:29,Sophia-Barnett-2,301
2299009356005376784,2,4,8,01,contiguous_2,2017-09-08T00:41:12,shaferm,320
2133579479908352942,2,6,8,01,contiguous_2,2017-01-22T18:41:34,emilygillin,549
2153836064014336751,2,6,7,01,contiguous_2,2017-02-19T17:27:47,Cory-Foeppel,521
2143062952247296842,3,7,11,01,contiguous_2,2017-02-04T20:43:32,Luke_Buzaid,536
2096884873166848222,2,8,11,012,steady_all3,2016-12-03T03:35:56,Matt-Marinella,599
1760210095964160070,2,7,10,01,contiguous_2,2015-08-26T15:03:15,mbrowning7,1064
1942784374210560569,3,4,10,01,contiguous_2,2016-05-04T12:45:45,Lindsay-Heck-1,812
1908379312193536075,2,9,12,01,contiguous_2,2016-03-18T01:29:02,Megan-Karuzie,859
1938470046007296537,2,7,10,01,contiguous_2,2016-04-28T13:53:57,Carson-Shoemaker,818
2030173671129088086,3,3,5,01,contiguous_2,2016-09-02T02:32:41,Gianna-Emmett,691
1773447445217280430,2,4,11,0,single_window,2015-09-13T21:23:30,Sarah-Flenders,1046
2123468590022656801,2,3,4,0,single_window,2017-01-08T19:53:02,Nicole-Charache,563
2025757463281664952,2,3,6,01,contiguous_2,2016-08-27T00:18:28,Adeolu-Adesanya,697
2008199007830016708,2,3,5,01,contiguous_2,2016-08-02T18:52:57,Yves-Trokel,722
2027125745909760422,2,4,10,012,steady_all3,2016-08-28T21:37:00,ethanshiman,696
2002621942464512772,3,4,6,01,contiguous_2,2016-07-26T02:12:19,Jacob-Singer28,729
2181423544926208031,16,91,91,1,single_window,2017-03-29T18:59:11,nomad-rides-2,483
2057077446934528669,3,12,13,01,contiguous_2,2016-10-09T05:25:41,Nick-Troiano-2,654
2275041072906240057,2,4,10,012,steady_all3,2017-08-05T23:00:30,zohl_,354
1803419295678464545,2,3,6,01,contiguous_2,2015-10-25T05:52:13,miller_norman,1004
2533782292791296455,2,3,5,0,single_window,2018-07-28T22:53:07,Bryce-Miller1,-3
1552984215388160887,2,7,12,01,contiguous_2,2014-11-13T17:02:25,maude-frye,1350
2184527355052032229,2,6,10,01,contiguous_2,2017-04-03T01:45:54,Charles-Langenfeld,478
2027139243180032242,3,8,10,01,contiguous_2,2016-08-28T22:03:49,ShaeKiley,696
1782283619008512199,2,5,10,1,single_window,2015-09-26T01:59:24,kelireyes,1033
1473219785654272754,5,3,6,1,single_window,2014-07-26T15:44:44,zachary-schain,1460
2010203885142016353,3,8,10,01,contiguous_2,2016-08-05T13:16:17,cmullin3,719
2153148785360896037,4,3,7,01,contiguous_2,2017-02-18T18:42:17,siggins,522
1828593466343424148,4,4,10,01,contiguous_2,2015-11-28T23:28:48,Joshua-Friedman,970
2290172561457152645,3,3,4,1,single_window,2017-08-26T20:04:04,ChrisCallaghan,333
1810572110725120442,3,4,8,01,contiguous_2,2015-11-04T02:43:35,Elissa-Hill-1,994
2070587627274240421,2,6,8,02,reappeared_skipW2,2016-10-27T20:48:00,SamLaNasa,636
1861285843042304977,6,5,19,01,contiguous_2,2016-01-13T02:02:43,maddaawwggg_,924
2275810459254784942,4,7,10,01,contiguous_2,2017-08-07T00:29:08,Jared_Tuazon,352
2027259409989632379,2,3,5,01,contiguous_2,2016-08-29T02:02:34,AudreyBolinger,695
1890171578482688738,2,4,12,01,contiguous_2,2016-02-21T22:33:31,Katie-Distasio,885
2182904872435712179,2,7,10,01,contiguous_2,2017-03-31T20:02:19,MarielleDavis,481
2172201377726464230,2,3,7,1,single_window,2017-03-17T01:36:23,Daniel-Dahmer,495
1799373151272960069,2,5,6,0,single_window,2015-10-19T15:53:15,LaserPug,1010
2162369149009920696,2,3,9,01,contiguous_2,2017-03-03T12:01:30,Gideon-Abramowitz,509
2077142191964160656,2,5,6,01,contiguous_2,2016-11-05T21:50:45,Jay-Fein,627
1884411054260224396,2,3,6,01,contiguous_2,2016-02-13T23:48:23,allierosenthal34,893
1875040870072320261,2,4,18,01,contiguous_2,2016-02-01T01:31:30,Jeff--Gottesman,905
2131036850880512643,2,3,5,01,contiguous_2,2017-01-19T06:29:49,NinaScaramella,552
1885297495244800428,4,5,19,01,contiguous_2,2016-02-15T05:09:35,Chris_McGough,891
2066888242757632517,3,3,6,1,single_window,2016-10-22T18:17:59,brit_mue,641
1974392439439360753,2,4,8,01,contiguous_2,2016-06-17T03:25:20,Noah_Cottrell,768
2024327943815168879,4,6,10,01,contiguous_2,2016-08-25T00:58:16,Emily-Michelon,699
2030805794684928362,3,4,7,0,single_window,2016-09-02T23:28:36,Charlie-Ballent,691
1944411093073920425,3,8,12,0,single_window,2016-05-06T18:37:45,ryanyoung650,810
2056275881885696549,3,6,9,01,contiguous_2,2016-10-08T02:53:07,Sam-Huettl,655
1962006089302016116,4,5,9,01,contiguous_2,2016-05-31T01:15:52,Ryan-Gesas,785
1933978399408128952,4,3,7,1,single_window,2016-04-22T09:09:51,Marielle10,824
1823658137878528913,2,3,6,01,contiguous_2,2015-11-22T04:03:11,AnnaRotatori,976
2408486344327168597,2,5,9,1,single_window,2018-02-06T01:52:26,Sterling-Satterfield-1,169
1996881383129088536,2,4,7,012,steady_all3,2016-07-18T04:06:51,Jake-Bank-1,737
2538719559024640424,2,3,4,1,single_window,2018-08-04T18:22:35,Jeremy-Cowden-1,-10
2188728076337152271,3,5,10,01,contiguous_2,2017-04-08T20:51:59,Robby-Knudsen,473
2037193140862976456,3,6,7,01,contiguous_2,2016-09-11T18:59:07,hsullivan212,682
2291777235058688381,2,8,11,01,contiguous_2,2017-08-29T01:12:16,rileystrauss,330
1757992802320384875,2,4,7,01,contiguous_2,2015-08-23T13:37:53,Sam-Tanenbaum,1067
1603318774235136814,2,5,6,01,contiguous_2,2015-01-22T03:48:12,Stephanie-Casabe,1280
1766839830970368682,2,4,4,01,contiguous_2,2015-09-04T18:35:21,Michael-Sardo,1055
1700132529635328093,4,8,18,01,contiguous_2,2015-06-04T17:39:51,BlakeJachman,1147
2172606136451072992,4,4,9,0,single_window,2017-03-17T15:00:34,Matthew-Miller-244,495
2043676243001344907,3,4,5,01,contiguous_2,2016-09-20T17:39:53,Johnny-Micka,673
2032330617126912759,2,3,4,01,contiguous_2,2016-09-05T01:58:09,hollyrubin,688
1896053469085696935,2,3,8,01,contiguous_2,2016-03-01T01:19:47,MackenzieStagnito,876
2040093837623296539,2,5,6,0,single_window,2016-09-15T19:02:17,Cammystory,678
2300476020228096833,3,4,7,01,contiguous_2,2017-09-10T01:15:12,tomgallo4,318
2026408561868800553,2,3,5,1,single_window,2016-08-27T21:52:05,Matt-Olsen-13,697
2153355405164544562,2,3,4,01,contiguous_2,2017-02-19T01:32:48,Rwasenge,521
2069766348996608776,3,6,9,01,contiguous_2,2016-10-26T17:36:16,Jamie-Gaeta,637
2210934558818304310,4,4,9,12,contiguous_2,2017-05-09T12:12:18,nvriftin,442
2298749502095360316,2,7,9,01,contiguous_2,2017-09-07T16:04:55,Paul-Dimauro,321
2360666774044672744,2,9,11,01,contiguous_2,2017-12-02T02:23:29,defranza3,235
2088127057362944783,2,7,12,01,contiguous_2,2016-11-21T01:35:43,Kyle1323,611
2000277292974080306,3,3,8,02,reappeared_skipW2,2016-07-22T20:33:55,Annika-Voss,733
2398097908957184130,2,3,4,01,contiguous_2,2018-01-22T17:52:28,Maura-Merritt,184
1851246868692992092,2,7,10,01,contiguous_2,2015-12-30T05:37:04,CarolineSkaggs,938
1967012234395648866,2,10,15,01,contiguous_2,2016-06-06T23:02:11,cwachowski,779
1860290987687936224,2,6,6,01,contiguous_2,2016-01-11T17:06:07,Baylor-Rollins,926
1977298471354368505,2,6,9,12,contiguous_2,2016-06-21T03:39:06,Mackenzie-Passmore,764
1891434802184192512,2,5,7,02,reappeared_skipW2,2016-02-23T16:23:19,Stefan-Urosevic,883
1560269151010816192,3,9,21,01,contiguous_2,2014-11-23T18:16:17,jsfaulk,1340
2083057729273856308,2,5,8,01,contiguous_2,2016-11-14T01:43:52,Ally-Wehn,618
2066375421984769004,4,5,12,01,contiguous_2,2016-10-22T01:19:06,Valeria-Vinas,641
2279144410841088825,3,7,9,01,contiguous_2,2017-08-11T14:53:06,Jackson-Lambert,348
1815628839124992343,3,7,9,01,contiguous_2,2015-11-11T02:10:24,Eli-Friedlander,987
2018230214328320517,3,6,7,01,contiguous_2,2016-08-16T15:03:10,Nicki-Sorrentino-1,708
1883889064738816443,3,3,5,01,contiguous_2,2016-02-13T06:31:17,BrittanyBerrard,893
1788610961473536986,6,3,11,01,contiguous_2,2015-10-04T19:30:42,Maren-Elizabeth,1025
1844522224975872899,2,4,5,0,single_window,2015-12-20T22:56:24,BlakeSchwartz26,948
1788676879155200020,2,5,14,01,contiguous_2,2015-10-04T21:41:40,Ghealey11,1025
1716751570042880409,4,3,7,01,contiguous_2,2015-06-27T15:58:55,Noah-Mathis-1,1124
1793906119278592275,2,5,5,01,contiguous_2,2015-10-12T02:51:14,JordanAuerbach,1017
1975106452586496708,3,9,13,01,contiguous_2,2016-06-18T03:03:57,Sam-Markwood,767
2248139268423680325,2,3,11,0,single_window,2017-06-29T20:11:25,Jack-Knipscheer,391
1927937058144256307,2,3,5,01,contiguous_2,2016-04-14T01:06:47,Jacob-Lapin,832
1907471044050944158,4,4,12,1,single_window,2016-03-16T19:24:28,Will-Morton-2,861
1804057886851072587,3,3,7,1,single_window,2015-10-26T03:00:59,t_maloney14,1003
2024363838668800759,2,4,6,01,contiguous_2,2016-08-25T02:09:35,Battlestation,699
2035706947960832654,2,4,9,012,steady_all3,2016-09-09T17:46:19,katie_emmert,684
2245752516509696705,2,3,4,1,single_window,2017-06-26T13:09:22,Clare-Chapman-1,394
1903972004659200988,2,3,9,01,contiguous_2,2016-03-11T23:32:30,Kenziehorberg,866
2282336376848385017,4,8,11,012,steady_all3,2017-08-16T00:34:58,Rilo9,343
2421457825038336069,17,130,133,1,single_window,2018-02-23T23:24:27,nomad-rides,152
2232954839367680271,2,4,6,1,single_window,2017-06-08T21:22:40,MattCliffer1,412
1977982688165888324,4,5,11,012,steady_all3,2016-06-22T02:18:31,Nick_Diana,763
2084252149612544709,2,10,11,012,steady_all3,2016-11-15T17:16:58,Bdoe2340,617
2048132447731712951,3,4,5,1,single_window,2016-09-26T21:13:34,Claire-Fletcher-2,667
1917067091509248068,6,4,11,1,single_window,2016-03-30T01:10:06,KatherineVerlander,847
2507079122157568415,3,7,8,012,steady_all3,2018-06-22T02:38:41,Cayden-Brotz,33
1873928213495808102,2,7,9,01,contiguous_2,2016-01-30T12:40:51,Julia-Hablitschek,907
1960352979877888757,7,3,61,01,contiguous_2,2016-05-28T18:31:26,vtgammaphi,788
2131687655866368821,3,3,8,01,contiguous_2,2017-01-20T04:02:51,AustinAnastasia,551
2146071400677376876,2,6,8,01,contiguous_2,2017-02-09T00:20:47,Francesco_Lopizzo,531
2256045514686464839,2,4,8,01,contiguous_2,2017-07-10T17:59:43,Frankie-Fragale,380
2158335335858176687,2,4,10,01,contiguous_2,2017-02-25T22:27:02,Erick-Quintanilla-4,515
1896619490410496041,2,4,11,12,contiguous_2,2016-03-01T20:04:22,Nicoleferruggio,876
2495125364146176480,3,5,7,0,single_window,2018-06-05T14:48:42,Jaaffar-Seddiki-2,50
1855581170171904910,3,4,12,012,steady_all3,2016-01-05T05:08:33,karenwedekind,932
1957671913652224737,2,5,11,01,contiguous_2,2016-05-25T01:44:38,gkmurphy,791
2009204759986176713,5,4,13,01,contiguous_2,2016-08-04T04:11:12,Lauren-Wilson-89,720
2132084772569088801,2,5,8,01,contiguous_2,2017-01-20T17:11:51,Ashlyn_Lowder,551
2021999635333120312,2,4,6,01,contiguous_2,2016-08-21T19:52:20,Kyle-Fitzgerald-20,703
1798865548214272867,3,4,7,01,contiguous_2,2015-10-18T23:04:44,Alejandro-Miller,1011
1885711422717952727,2,5,7,01,contiguous_2,2016-02-15T18:51:59,Sidney-Jankauskas,891
2296644112482304833,2,5,5,01,contiguous_2,2017-09-04T18:21:53,Henrietta-Kemppainen,324
2003718450970624319,2,8,8,012,steady_all3,2016-07-27T14:30:53,nailahoj,728
2017045667381248860,4,6,11,01,contiguous_2,2016-08-14T23:49:41,Dania-Gutierrez-4,710
1491076288348160680,3,13,26,01,contiguous_2,2014-08-20T07:02:25,KatySaller,1435
2014881565900800046,14,4,28,1,single_window,2016-08-12T00:10:00,colinc33,712
2205620551811072649,2,3,5,02,reappeared_skipW2,2017-05-02T04:14:19,Rachel-Willy,449
1663984264544256132,4,4,10,01,contiguous_2,2015-04-15T20:39:42,Shaun-Pike,1197
1819184291905536463,2,4,11,01,contiguous_2,2015-11-15T23:54:27,AriyaMomeny,983
1766887687979008617,2,3,6,1,single_window,2015-09-04T20:10:26,Annanicole-McKeown,1055
2011255338434560238,2,4,6,01,contiguous_2,2016-08-07T00:05:20,paigemirkin,717
2035193363824640231,2,3,4,01,contiguous_2,2016-09-09T00:45:55,Sophie-King7,684
2026984800518144650,3,5,10,01,contiguous_2,2016-08-28T16:56:58,Krissy-Stoev,696
2014812687040512212,2,3,5,1,single_window,2016-08-11T21:53:09,Sydney-Kalter,713
1892370048090112162,3,4,12,01,contiguous_2,2016-02-24T23:21:29,Dani-Robbins-1,882
2272813872316416876,2,3,5,01,contiguous_2,2017-08-02T21:15:27,Adamgold23,357
2020506505052160284,3,3,10,1,single_window,2016-08-19T18:25:45,Bsullivan1,705
1857678187954176706,2,8,13,01,contiguous_2,2016-01-08T02:34:57,sasha-gordon-1,929
2030654531305472410,2,3,5,01,contiguous_2,2016-09-02T18:28:04,SamuelBerry,691
2034625295679488041,2,4,6,01,contiguous_2,2016-09-08T05:57:16,thdunphy,685
2151810726887424999,4,3,10,1,single_window,2017-02-16T22:23:48,cjyankees,524
2284934127419392680,3,5,11,01,contiguous_2,2017-08-19T14:36:14,Ethan-Abbott-3,340
1956814186872832311,3,4,5,01,contiguous_2,2016-05-23T21:20:29,Shawn-Shapiro,793
2258247272628224350,4,7,10,01,contiguous_2,2017-07-13T18:54:13,Ben-Goldstein-,377
2545939524878336208,5,4,12,1,single_window,2018-08-14T17:27:22,Matthewcardoza7,-20
2389635246325760534,2,3,3,1,single_window,2018-01-11T01:38:40,Aidanschwartz,195
2384571681210368007,2,3,6,1,single_window,2018-01-04T01:58:16,Khavand-Peddi,202
2190893293502464108,2,3,5,01,contiguous_2,2017-04-11T20:33:53,Brendan-Mckiernan_,470
2307853968736256117,11,4,24,01,contiguous_2,2017-09-20T05:33:52,Eric-Thompson-110,308
1717053031448576730,2,3,5,01,contiguous_2,2015-06-28T01:57:52,bellagarrett,1123
1887384614469632805,3,4,8,0,single_window,2016-02-18T02:16:19,emma_chapman_,888
2226923228889088822,3,3,8,01,contiguous_2,2017-05-31T13:38:56,Thomas-Sherby,420
1884542394695680945,2,4,5,1,single_window,2016-02-14T04:09:20,Dixon-Aguero,892
2516332813746176485,3,6,9,01,contiguous_2,2018-07-04T21:04:07,Baxter-Eckenrode,21
1615484730474496854,2,4,10,1,single_window,2015-02-07T22:39:47,juliarudman,1264
2026694219137024867,2,3,7,1,single_window,2016-08-28T07:19:38,Mary-Engels,696
1867607053434881020,2,6,10,12,contiguous_2,2016-01-21T19:21:50,Shira-Bilfeld,916
1907579332591616315,4,3,10,01,contiguous_2,2016-03-16T22:59:37,caitlin_vendely,861
1789427391135744649,2,4,5,02,reappeared_skipW2,2015-10-05T22:32:48,Maddie-Beinfest,1024
1851120905355264559,2,4,8,01,contiguous_2,2015-12-30T01:26:48,angelaaanguyen,938
1992966369443840839,4,4,9,01,contiguous_2,2016-07-12T18:28:25,Maddie-Kahn,743
2020405783035904854,4,5,11,01,contiguous_2,2016-08-19T15:05:38,juliagotkin,705
1748854781247488980,2,5,10,01,contiguous_2,2015-08-10T23:02:16,JordanRKrawitz,1080
1748887974969344991,3,4,8,01,contiguous_2,2015-08-11T00:08:13,Olivia-Bieniek,1079
1780132259823616952,3,5,8,01,contiguous_2,2015-09-23T02:45:02,ClaireCooke,1036
1777146150256640196,3,8,13,01,contiguous_2,2015-09-18T23:52:10,Sam-Wilson-25,1041
2306818856452096039,3,3,8,0,single_window,2017-09-18T19:17:17,Lauren-Caruso-11,310
2096081739448320445,2,4,6,01,contiguous_2,2016-12-02T01:00:15,eewoods,600
2225136740597760289,2,3,5,01,contiguous_2,2017-05-29T02:29:30,Casek2,422
2012541504978944603,5,5,12,1,single_window,2016-08-08T18:40:43,Tim-Baumann-2,716
2026516330315776452,3,7,11,01,contiguous_2,2016-08-28T01:26:12,jshea1820,696
2049832994734080713,4,3,6,1,single_window,2016-09-29T05:32:15,Moira-Hillsman,664
2227571324354560116,7,7,15,01,contiguous_2,2017-06-01T11:06:35,pjkaffl,419
2144410640842752492,2,3,4,1,single_window,2017-02-06T17:21:09,Ishana-Nigam,534
2095144622882816211,2,3,5,0,single_window,2016-11-30T17:58:22,marvinsabillon,602
2060392532541440379,2,4,9,01,contiguous_2,2016-10-13T19:12:10,Sarah-Young-10,650
2021946376060928872,3,8,9,01,contiguous_2,2016-08-21T18:06:31,Sarah-Shmerler,703
2396935784759296875,9,3,15,01,contiguous_2,2018-01-21T03:23:32,georgebria,185
2370223596371968057,3,4,9,01,contiguous_2,2017-12-15T06:51:11,Trevor-Wightman-1,222
1624861868818432377,2,4,10,1,single_window,2015-02-20T21:10:29,AlexHasner,1251
2294370388672512243,2,4,5,01,contiguous_2,2017-09-01T15:04:24,Victor-Andenmatten,327
1858845496311808614,3,5,7,01,contiguous_2,2016-01-09T17:14:11,Theresa-Myers-1,928
2299750061703168053,3,3,6,1,single_window,2017-09-09T01:12:51,Rgiroux6,319
2024094740512768231,3,6,8,01,contiguous_2,2016-08-24T17:14:56,JamesPryatel,700
2003828677279744897,3,3,4,1,single_window,2016-07-27T18:09:53,Matt-Hwang-1,728
1880934362120192281,3,5,5,01,contiguous_2,2016-02-09T04:40:49,Thomas17,897
2074131956760576866,3,5,6,01,contiguous_2,2016-11-01T18:09:57,Matthew-Santora,631
2081620156743680138,2,4,8,0,single_window,2016-11-12T02:07:40,mackenziemcdermid,620
2036751992356864346,2,3,4,01,contiguous_2,2016-09-11T04:22:38,TriloniSalmon,682
2280910825193472212,2,3,6,0,single_window,2017-08-14T01:22:39,schneider-0610,345
1864079316615168496,3,5,5,02,reappeared_skipW2,2016-01-16T22:32:51,mollyneal,921
1737876232470528735,2,5,7,0,single_window,2015-07-26T19:29:51,Brandon-DeLeon-3,1095
1831407097741312818,2,5,8,01,contiguous_2,2015-12-02T20:38:59,Emily-Martin-61,966
1748753270702080202,2,4,5,0,single_window,2015-08-10T19:40:35,JillLardiere,1080
2148862240227328551,5,6,7,01,contiguous_2,2017-02-12T20:45:41,Meghan-Furlong,528
2037475761455104458,3,6,12,012,steady_all3,2016-09-12T04:20:38,berry_pickin13,681
2018313488039936675,2,3,6,1,single_window,2016-08-16T17:48:37,Madeline-Hopple,708
2031663110422528179,3,4,11,1,single_window,2016-09-04T03:51:56,Matthew-Carey-9,689
2291135590432768075,2,3,3,01,contiguous_2,2017-08-28T03:57:26,Tycook23,331
1835618036350976772,2,4,6,0,single_window,2015-12-08T16:05:22,ConorYerkes,960
2130629508464640352,2,3,6,1,single_window,2017-01-18T17:00:30,MaggiePrendergast,553
1749729008418816963,3,3,4,01,contiguous_2,2015-08-12T03:59:12,Mitsu-Dill,1078
1829180442411008492,4,7,15,01,contiguous_2,2015-11-29T18:55:01,Melvin-Osanya,969
2240000263454720467,3,3,6,1,single_window,2017-06-18T14:40:40,Emily-Bradach-1,402
1909865471541248945,3,7,12,01,contiguous_2,2016-03-20T02:41:46,alainesmith,857
2053293236813824353,2,4,4,01,contiguous_2,2016-10-04T00:07:08,Jordan-Benard,659
2041770032496640094,5,5,14,01,contiguous_2,2016-09-18T02:32:35,Alicia-Diaz-10,675
2051162446495744094,2,8,12,01,contiguous_2,2016-10-01T01:33:38,Evan-Woloszyk,662
2021423539290112471,2,4,7,01,contiguous_2,2016-08-21T00:47:44,Mark-Hammes-1,703
2171458591653888892,3,6,12,01,contiguous_2,2017-03-16T01:00:36,JoeEttore,496
2026396784263168698,6,8,15,01,contiguous_2,2016-08-27T21:28:41,bendweav,697
1928778250977280258,3,9,11,01,contiguous_2,2016-04-15T04:58:05,delaney_mcgowan,831
1890371671949312713,5,4,6,01,contiguous_2,2016-02-22T05:11:04,mitellio,884
1868513434140672249,3,10,20,01,contiguous_2,2016-01-23T01:22:39,azurlo,914
2261113324437504769,4,4,9,01,contiguous_2,2017-07-17T17:48:33,evcastle,373
2031541802762240238,2,4,6,01,contiguous_2,2016-09-03T23:50:55,seanyg99,690
2000506117423104398,2,4,5,01,contiguous_2,2016-07-23T04:08:33,ashleymartin1715,732
2047315749634048896,2,3,5,1,single_window,2016-09-25T18:10:56,Brooks-Pope,668
2466281613688832757,2,4,4,0,single_window,2018-04-26T19:41:19,Bo-Field,90
2031576271552512929,5,5,17,01,contiguous_2,2016-09-04T00:59:24,Wjhorton17,689
1939419024064513019,2,3,3,01,contiguous_2,2016-04-29T21:19:24,Alexander-Sullivan-6,817
1943171307143168103,2,3,4,1,single_window,2016-05-05T01:34:31,Sami-Stansberry,811
1765287359676416522,2,9,12,01,contiguous_2,2015-09-02T15:10:52,samanthahanley,1057
2048734540070912907,2,7,8,01,contiguous_2,2016-09-27T17:09:49,juliagoodinn,666
1853744299900928785,3,6,12,01,contiguous_2,2016-01-02T16:19:01,Cameron-Zoub,935
2353269842116608198,2,3,7,0,single_window,2017-11-21T21:27:06,dicknunlevy,246
1992086639345664952,3,5,9,01,contiguous_2,2016-07-11T13:20:33,JLilly58,744
1859131120025600749,2,3,8,12,contiguous_2,2016-01-10T02:41:40,haleydaprile,927
2039696804806656658,2,3,6,0,single_window,2016-09-15T05:53:27,nickwmichel1,678
2175539808829440123,3,3,5,01,contiguous_2,2017-03-21T16:09:15,JD-Casey-1,491
2001997284769792352,2,4,7,01,contiguous_2,2016-07-25T05:31:14,andrewmotey,730
1983505680564224999,3,3,7,01,contiguous_2,2016-06-29T17:11:43,brau13,756
2226484353695744015,2,3,6,02,reappeared_skipW2,2017-05-30T23:06:58,PJ-Baron,421
2316449121042432402,3,3,7,1,single_window,2017-10-02T02:10:54,scottfulton10,296
2127940766662656430,3,3,9,1,single_window,2017-01-14T23:58:27,wfrancois13,557
1956878544273408456,4,8,29,01,contiguous_2,2016-05-23T23:28:21,Lauren-Shemtov,793
2548261667733504651,2,3,6,01,contiguous_2,2018-08-17T22:21:03,Tyler-Shankoff,-23
2258246341492736378,3,4,8,1,single_window,2017-07-13T18:52:22,spencermeiner05,377
2030045652582400975,2,4,5,01,contiguous_2,2016-09-01T22:18:20,Grantnelick,692
1704856238686208459,2,3,5,01,contiguous_2,2015-06-11T06:05:01,carolenadavidorf,1140
1751980594692096999,2,3,5,01,contiguous_2,2015-08-15T06:32:42,Marc-Leonard542,1075
2196839507951616561,4,5,9,01,contiguous_2,2017-04-20T01:27:57,Merrick-Lieser,461
2034441291563008841,5,4,15,01,contiguous_2,2016-09-07T23:51:41,Jack-Forand,686
2230205900914688586,5,5,11,1,single_window,2017-06-05T02:21:01,patmurtagh,415
2004558821720064713,6,3,9,01,contiguous_2,2016-07-28T18:20:33,James-Dvorak-2,727
2402633008545792880,2,5,6,01,contiguous_2,2018-01-29T00:02:54,Paul-Sasso,177
2320514257256448018,3,4,10,01,contiguous_2,2017-10-07T16:47:36,Ryan-Rosen-69,291
2195341831045120780,2,6,11,01,contiguous_2,2017-04-17T23:52:20,Kevin-Donahue-98,464
2159196669739008481,3,4,6,01,contiguous_2,2017-02-27T02:58:21,mdoherty22,513
2050390073802752784,2,4,8,01,contiguous_2,2016-09-29T23:59:04,BrockCaudill,664
2298300015312896961,4,4,10,1,single_window,2017-09-07T01:11:52,Connor-Shutt,321
2377964863881217022,4,8,12,1,single_window,2017-12-25T23:11:42,Nate-Froelich,212
2039565229490176872,6,4,14,01,contiguous_2,2016-09-15T01:32:02,Grace-Koscielski,678
1780830393335808710,3,6,10,12,contiguous_2,2015-09-24T01:52:06,nahnahpenn,1035
1907112523333632768,7,4,10,01,contiguous_2,2016-03-16T07:32:09,Maxine-Groshell,861
1777090282127360608,4,5,9,01,contiguous_2,2015-09-18T22:01:10,emmasexton,1041
2201902611693568964,8,8,14,01,contiguous_2,2017-04-27T01:07:26,MichaelRouzer,454
2157702381830145020,2,5,6,012,steady_all3,2017-02-25T01:29:28,Matt-Ficalora,515
2372955849883648065,4,6,14,1,single_window,2017-12-19T01:19:41,Ryan1ee,218
1847383075848192100,3,6,7,01,contiguous_2,2015-12-24T21:40:24,alexcameron5,944
1685566399709184179,3,5,10,01,contiguous_2,2015-05-15T15:19:33,Emmy-Sterns,1167
1791531405017088196,2,3,7,012,steady_all3,2015-10-08T20:13:06,SamanthaPine,1021
1882814106566656953,2,3,6,01,contiguous_2,2016-02-11T18:55:32,Nick-Kuller,895
2044421956698112066,3,3,4,01,contiguous_2,2016-09-21T18:21:29,Alison-Colglazier,672
2251320547344384921,3,4,9,1,single_window,2017-07-04T05:32:03,emrklein,386
1785789763551232581,2,4,9,01,contiguous_2,2015-09-30T22:05:29,Dana-Weiner-1,1029
1758236927590400574,4,7,13,01,contiguous_2,2015-08-23T21:42:55,MorganFrench11,1067
2026955717214208450,2,3,3,01,contiguous_2,2016-08-28T15:59:11,izzyarnowitz,696
1921103932948480323,2,3,6,01,contiguous_2,2016-04-04T14:50:35,Alex-Tropia,842
2192295357054976279,3,4,6,01,contiguous_2,2017-04-13T18:59:32,Jaclyn-Tommer,468
1844621646757888965,3,3,10,01,contiguous_2,2015-12-21T02:13:56,RachelLinden,947
2207039208030208244,3,4,7,01,contiguous_2,2017-05-04T03:12:56,Colin_W14,447
2213215446499328060,2,3,5,0,single_window,2017-05-12T15:44:01,Hayleyhakim,439
1802232290869248466,3,7,15,01,contiguous_2,2015-10-23T14:33:51,SarahHynds,1006
1812684882313216657,3,5,8,012,steady_all3,2015-11-07T00:41:17,Anne-goodman3,991
1869230886617088491,2,5,7,01,contiguous_2,2016-01-24T01:08:06,jackkelly117,913
2010306570092544187,3,5,11,01,contiguous_2,2016-08-05T16:40:18,Sara-Kamen,719
2283161279004672730,2,4,5,01,contiguous_2,2017-08-17T03:53:54,Sydney-Steinhardt,342
2272622930821120409,2,3,7,01,contiguous_2,2017-08-02T14:56:05,Reagan-Knorr,357
2130644641513472451,2,5,12,01,contiguous_2,2017-01-18T17:30:34,kat_media,553
2499752839086080671,3,4,4,01,contiguous_2,2018-06-12T00:02:40,Austin-Masters-33,43
2034171681701888535,2,5,9,1,single_window,2016-09-07T14:56:01,Theresa-Shaff,686
1824310754803712977,4,5,9,01,contiguous_2,2015-11-23T01:39:49,Claire-Sullivan-9,975
2067619049897984050,2,6,11,012,steady_all3,2016-10-23T18:29:58,Liam-Gannon-3,640
2139406467072000082,2,3,5,1,single_window,2017-01-30T19:38:45,MattBianucci,541
1798662032195584966,4,8,13,01,contiguous_2,2015-10-18T16:20:23,blakenossel,1011
1952658092982272228,3,4,8,0,single_window,2016-05-18T03:43:04,CaitrinKaffl,798
2262081529184256476,3,9,14,01,contiguous_2,2017-07-19T01:52:12,Lawson-Mayer,371
2046609999265792483,4,7,9,01,contiguous_2,2016-09-24T18:48:44,Herman-Lui,669
2297687269441536755,2,3,6,01,contiguous_2,2017-09-06T04:54:27,BlakeKantor,322
2272192570064896306,2,5,8,01,contiguous_2,2017-08-02T00:41:02,Sammistretta,357
2024266035888128861,4,3,8,1,single_window,2016-08-24T22:55:16,rachelseay,700
1757701608570880893,6,3,15,1,single_window,2015-08-23T03:59:20,Meredith_Happy,1067
2477114720780288707,8,4,9,01,contiguous_2,2018-05-11T18:24:46,Tommy-Beaver,75
2217696045301760020,3,4,6,01,contiguous_2,2017-05-18T20:06:10,Connerdallen,433
2331674528448512275,5,10,11,01,contiguous_2,2017-10-23T02:21:04,Brayden-Wicks,275
2174156963577856719,2,4,5,01,contiguous_2,2017-03-19T18:21:47,Rourke-Greene,493
2275596616859648352,5,6,8,01,contiguous_2,2017-08-06T17:24:16,noahhotero,353
2292233625665536021,9,10,16,012,steady_all3,2017-08-29T16:19:02,Tom-Packer-1,330
2504936042528768022,5,4,8,01,contiguous_2,2018-06-19T03:40:46,danielframpton,36
2326337771536384097,2,3,4,01,contiguous_2,2017-10-15T17:37:53,SamuelCoyle,283
2297996473532416913,4,4,11,012,steady_all3,2017-09-06T15:08:47,Jonas-Edwards,322
1763353156386816741,3,5,11,01,contiguous_2,2015-08-30T23:07:57,Elysa-Zebersky,1060
1893947114782720311,2,4,9,01,contiguous_2,2016-02-27T03:34:50,dzhang182,879
1883680960151552357,2,3,9,02,reappeared_skipW2,2016-02-12T23:37:49,Abby-Rosler,894
2052459308515328132,2,3,9,01,contiguous_2,2016-10-02T20:30:16,darrylremedio,661
2333510945734656409,2,3,3,1,single_window,2017-10-25T15:09:42,Braxton-Sykora,273
2293722687471616429,4,7,12,01,contiguous_2,2017-08-31T17:37:32,Juan-Zapata-21,328
1988806660063232838,2,3,4,12,contiguous_2,2016-07-07T00:43:49,Pudge9,748
1970734259765248060,5,3,21,01,contiguous_2,2016-06-12T02:17:11,ryan_friedman44,773
2296861863968768960,2,3,8,1,single_window,2017-09-05T01:34:31,willvu99,323
2100910465482752345,5,5,11,1,single_window,2016-12-08T16:54:04,Liana-Ruiz,594
1637995652317184014,5,9,30,01,contiguous_2,2015-03-11T00:04:58,Stephen-OBrien-10,1232
1949389480263680421,4,6,10,012,steady_all3,2016-05-13T15:28:55,natebrenn48,803
1659372451135488049,3,7,8,01,contiguous_2,2015-04-09T11:56:51,Jack-Laubach,1203
1932927466209280752,3,3,10,1,single_window,2016-04-20T22:21:50,JakeBlesi,826
2103406151860224092,2,10,21,01,contiguous_2,2016-12-12T03:32:33,Kenzie-Austin-1,590
2026948695949312400,2,3,7,01,contiguous_2,2016-08-28T15:45:14,katelyn-mueller-4,696
2433714101420032557,2,5,8,01,contiguous_2,2018-03-12T21:15:29,Brian-Contaldi,135
2308446011523072897,3,3,9,01,contiguous_2,2017-09-21T01:10:09,Michael-Lacovara-3,307
2016127651676160480,4,8,12,01,contiguous_2,2016-08-13T17:25:45,Jessica-Pazirandeh,711
1805321546760192942,2,8,14,01,contiguous_2,2015-10-27T20:51:39,Willie-Amen,1002
1765266337824768324,2,5,9,01,contiguous_2,2015-09-02T14:29:06,JensenRose,1057
2397578234691584133,4,4,7,01,contiguous_2,2018-01-22T00:39:58,Abby-Hurley-1,184
2276340703166464241,4,6,14,01,contiguous_2,2017-08-07T18:02:38,Taylor-Gordon-38,352
2518601034629120946,3,3,8,01,contiguous_2,2018-07-08T00:10:40,travelncook,17
2187522566258688239,3,5,11,01,contiguous_2,2017-04-07T04:56:51,Caroline-Forrey,474
1794444449808385013,2,6,18,01,contiguous_2,2015-10-12T20:40:48,margaretsullivan,1017
2316147575750656669,3,3,6,01,contiguous_2,2017-10-01T16:11:47,Pierre-Carnesi,297
2309239204741120250,2,3,11,0,single_window,2017-09-22T03:26:05,Anne-Rice-8,306
2096848567271424271,4,5,9,01,contiguous_2,2016-12-03T02:23:48,graziella97_,599
2276497209425920854,5,5,16,01,contiguous_2,2017-08-07T23:13:35,Jack-Covington,352
1938822996688896189,2,4,6,1,single_window,2016-04-29T01:35:12,Paulina-Niebrugge,817
1888597154201600108,2,3,5,0,single_window,2016-02-19T18:25:25,Mac-Ely,887
1860382373183488857,2,5,8,01,contiguous_2,2016-01-11T20:07:41,mdbulgarelli,926
1886547121012736111,3,3,8,1,single_window,2016-02-16T22:32:22,Drew-Lezon,890
1810309689901056876,2,6,12,01,contiguous_2,2015-11-03T18:02:12,karenlai10,995
1818217420947456317,2,7,11,01,contiguous_2,2015-11-14T15:53:27,Eric-Lee-130,984
1751772213280768836,6,12,17,01,contiguous_2,2015-08-14T23:38:41,Gregory-Esrig,1076
2027811833380864759,2,5,10,01,contiguous_2,2016-08-29T20:20:08,kaitlynfoley_,695
2336724864729088213,2,5,6,01,contiguous_2,2017-10-30T01:35:11,morganeso,268
1739877469126656289,2,5,7,01,contiguous_2,2015-07-29T13:45:57,Vince-Grana,1092
2122996697268224385,2,10,19,01,contiguous_2,2017-01-08T04:15:28,JakeStaples,563
1639522261532672001,4,3,8,0,single_window,2015-03-13T02:38:04,lukelatch,1230
1921198464172032558,6,5,9,01,contiguous_2,2016-04-04T17:58:24,andrewerblich,842
1909838309228544936,2,3,5,01,contiguous_2,2016-03-20T01:47:48,hadleyalter,857
1765629681991680885,2,3,3,0,single_window,2015-09-03T02:31:00,Karl-Chidiac,1056
1655476697694208393,2,4,5,01,contiguous_2,2015-04-04T02:56:41,Owen-Crizer,1208
1771193753403392131,2,6,7,01,contiguous_2,2015-09-10T18:45:49,Nick-Lyon-4,1049
1843873131266048612,5,26,34,012,steady_all3,2015-12-20T01:26:46,jonsamos,948
2041733961482240791,4,4,6,01,contiguous_2,2016-09-18T01:20:55,Daniel-Zekonis,675
2317781760475136663,6,3,12,01,contiguous_2,2017-10-03T22:18:37,Harrison-Kraut,295
1772014217986048779,4,5,7,01,contiguous_2,2015-09-11T21:55:56,Adam-Freng,1048
2113406387617792965,2,4,5,0,single_window,2016-12-25T22:41:14,Alex-VanRyker,577
2081356972556288902,2,4,12,01,contiguous_2,2016-11-11T17:24:46,Antonio-Sanchez-180,621
1857448373649408750,3,7,12,01,contiguous_2,2016-01-07T18:58:21,victoriapwaller,930
2025641885040640417,2,4,10,01,contiguous_2,2016-08-26T20:28:50,Faye-Dunbar,698
2182079567626240660,3,5,10,01,contiguous_2,2017-03-30T16:42:35,DanielSolomon1,482
1749550297513984585,3,9,15,01,contiguous_2,2015-08-11T22:04:08,nivhenn,1079
2288176752230400464,2,6,6,01,contiguous_2,2017-08-24T01:58:45,Matt-Simmons21,335
1860415113920512491,2,10,13,012,steady_all3,2016-01-11T21:12:44,Hannah-Dickey-2,926
2271962294386688619,2,4,5,01,contiguous_2,2017-08-01T17:03:31,Hunter-Gleason,358
2052596084768768078,7,5,18,01,contiguous_2,2016-10-03T01:02:01,Max-Moore-11,660
2205980163047424802,4,4,7,01,contiguous_2,2017-05-02T16:08:48,scooterbronze,449
1894439165362176335,2,5,5,01,contiguous_2,2016-02-27T19:52:27,matthewmctighe1,879
2145910356180992410,3,6,14,01,contiguous_2,2017-02-08T19:00:49,matthewreynolds,532
2066476781535232701,2,3,3,01,contiguous_2,2016-10-22T04:40:29,Sarah-Donlan,641
1843869775822848921,2,4,5,01,contiguous_2,2015-12-20T01:20:06,RyanHaskell,948
2116974381367296195,5,7,10,01,contiguous_2,2016-12-30T20:50:12,nickrocci,572
2239628010586112467,3,5,5,012,steady_all3,2017-06-18T02:21:04,Connor-Hoyng,402
2100520017723392499,2,12,17,01,contiguous_2,2016-12-08T03:58:19,Nikki-Bourke,594
1988993197539328251,4,6,9,0,single_window,2016-07-07T06:54:26,Megan-Kalili,748
1938169381519360230,4,3,12,01,contiguous_2,2016-04-28T03:56:35,Leora-Kalili,818
2054613578547200819,3,5,10,1,single_window,2016-10-05T19:50:25,Josh-Brown-110,658
2113901231603712047,2,7,9,01,contiguous_2,2016-12-26T15:04:24,Leo-Dannenbaum,576
1790707182338048705,4,3,12,01,contiguous_2,2015-10-07T16:55:31,ronallah,1022
1964767644221440047,7,3,11,01,contiguous_2,2016-06-03T20:42:35,RobertGoldberg,782
2363279800270848396,5,5,9,01,contiguous_2,2017-12-05T16:55:06,Charlie-Ginsburg,232
1773357729054720594,3,8,9,1,single_window,2015-09-13T18:25:15,Justin-Goodman-9,1046
2124420034330624966,3,3,8,1,single_window,2017-01-10T03:23:23,Devon-Linkon,561
2244451191750656445,2,3,6,01,contiguous_2,2017-06-24T18:03:52,thomasfritz_,396
2507566517059584904,2,3,6,01,contiguous_2,2018-06-22T18:47:03,Michael_Harris10,33
2243880019820544175,6,5,15,01,contiguous_2,2017-06-23T23:09:03,MarkUni,397
1843237912313856894,3,3,5,0,single_window,2015-12-19T04:24:42,Patrick-Heffernan-4,949
2266283525537792990,3,4,6,1,single_window,2017-07-24T21:00:49,Ryan-Greenbury,366
1956249281232896500,4,5,8,01,contiguous_2,2016-05-23T02:38:07,Matt-Beck-15,793
2230843057635328109,2,3,4,01,contiguous_2,2017-06-05T23:26:56,Jakejoseph,415
2171933185540096579,2,3,5,01,contiguous_2,2017-03-16T16:43:32,WillMurphy3415,496
2320979355238400562,2,9,10,01,contiguous_2,2017-10-08T08:11:40,Jack-Kafka,290
2022022561398784034,2,3,5,1,single_window,2016-08-21T20:37:53,RyanOaks23,703
1978172220375040280,2,4,4,01,contiguous_2,2016-06-22T08:35:05,Jack-Cygan,763
2020071295680512743,3,5,6,0,single_window,2016-08-19T04:01:04,JJ-Judis,705
2164864566951936913,4,5,7,01,contiguous_2,2017-03-06T22:39:27,mitcheffinger,506
2545365953806336737,3,9,11,01,contiguous_2,2018-08-13T22:27:47,Mike-Rotolo,-19
2251228473982976783,3,3,8,01,contiguous_2,2017-07-04T02:29:07,davidhannon123,386
1983558042255360214,2,4,4,01,contiguous_2,2016-06-29T18:55:45,rsorensen7,756
2116187966144512398,3,3,9,01,contiguous_2,2016-12-29T18:47:44,Jackkbrady,573
1961866762911744888,3,4,6,1,single_window,2016-05-30T20:39:03,MaiaBrownson,786
1832929823031296972,4,4,10,01,contiguous_2,2015-12-04T23:04:22,annabellefarmer,964
2290438329335808919,2,3,5,01,contiguous_2,2017-08-27T04:52:06,Katie-Garcia-41,332
1724111055224832009,2,6,9,1,single_window,2015-07-07T19:40:54,madisonperaino,1114
1852406769909760879,2,4,5,01,contiguous_2,2015-12-31T20:01:35,Anya-Ham,937
2041160977612800888,2,5,8,0,single_window,2016-09-17T06:22:30,Jacqueline-McCafferty,676
1807569995694081006,5,5,14,01,contiguous_2,2015-10-30T23:18:55,ava-percynski,999
1961839055339520646,2,3,5,01,contiguous_2,2016-05-30T19:44:00,Christine-Coffman-2,786
1733675293081600765,3,4,14,01,contiguous_2,2015-07-21T00:23:20,Elizabeth-Walt,1100
1989208273059840459,4,4,11,0,single_window,2016-07-07T14:01:45,alexis-langley,748
2029334021799936669,2,4,8,0,single_window,2016-08-31T22:44:27,AlexisLudwick,693
2167130036371456539,4,4,10,01,contiguous_2,2017-03-10T01:40:32,Maddie-Lacek,502
1983081267331072989,3,12,16,01,contiguous_2,2016-06-29T03:08:29,markleali,756
2167126571876352096,2,4,9,012,steady_all3,2017-03-10T01:33:39,Morgan-Bojesen,502
2052382552752128702,6,5,11,01,contiguous_2,2016-10-02T17:57:46,Grant-Melion,661
2283019209539584560,4,5,8,01,contiguous_2,2017-08-16T23:11:38,Jack-Deputy,343
2270050044084224645,3,3,7,01,contiguous_2,2017-07-30T01:44:13,Fillip-Grujic,360
2097380681842688968,4,3,9,01,contiguous_2,2016-12-03T20:01:01,Joseph-Stebbins,599
2027221216657408893,4,4,16,0,single_window,2016-08-29T00:46:41,Justin-Scafidi,695
2282324557299712321,3,3,4,1,single_window,2017-08-16T00:11:29,bigyonson,343
1872830178263040210,2,4,6,01,contiguous_2,2016-01-29T00:19:15,Adam-Johnson-101,908
2016460452921344430,2,9,9,01,contiguous_2,2016-08-14T04:26:58,Ben-Beriault,710
2383068593651712621,2,3,5,0,single_window,2018-01-02T00:11:54,huntermarson,204
1753100004098048033,2,7,9,01,contiguous_2,2015-08-16T19:36:46,Emma-Bochner,1074
1476271494135808786,4,4,18,01,contiguous_2,2014-07-30T20:47:56,MaddyRosenthal,1456
1882014001135616280,4,3,8,1,single_window,2016-02-10T16:25:52,lizakrause,896
2041667272048640276,2,4,5,01,contiguous_2,2016-09-17T23:08:25,jpruitt11,676
2533946919223296838,2,3,7,01,contiguous_2,2018-07-29T04:20:12,lindsey_bomba,-4
2033654767288320402,2,3,6,01,contiguous_2,2016-09-06T21:49:00,carlietoland,687
2289436159115264589,2,4,6,01,contiguous_2,2017-08-25T19:40:58,Abby-Eltzroth,334
2178862242856960911,4,11,18,01,contiguous_2,2017-03-26T06:10:20,sarahelouden,486
1666304268304384281,2,4,7,01,contiguous_2,2015-04-19T01:29:08,StefanieSaag,1193
1504450615181312387,2,5,6,0,single_window,2014-09-07T17:54:49,kailee-krippinger,1417
1746519359225856543,3,4,10,01,contiguous_2,2015-08-07T17:42:12,clarecorr,1083
1828756138229760391,2,4,7,1,single_window,2015-11-29T04:52:00,emma-russ19,969
2290258343362560281,3,4,7,012,steady_all3,2017-08-26T22:54:30,Tome-Falus,333
2289586801737728254,2,3,3,01,contiguous_2,2017-08-26T00:40:16,Gianna-Sausto,333
2298911586779136791,3,6,7,01,contiguous_2,2017-09-07T21:26:57,Thomas-Scatena,321
2185794135523328970,2,4,5,01,contiguous_2,2017-04-04T19:42:46,Josh-Strama,477
2089402318716928130,2,4,4,01,contiguous_2,2016-11-22T19:49:26,Taylor_Grossman,610
1916377766035456654,2,3,7,01,contiguous_2,2016-03-29T02:20:32,Margaret-Harrington-3,848
1916884052082689012,3,5,9,01,contiguous_2,2016-03-29T19:06:26,DanielleStefania,848
1867106488418304276,2,4,5,01,contiguous_2,2016-01-21T02:47:18,Katie-Renz,916
1752919212818432124,12,3,37,1,single_window,2015-08-16T13:37:34,Conor-Shields-1,1074
1889701279563776336,2,6,11,01,contiguous_2,2016-02-21T06:59:07,nathanielelkhoury,885
1917641199452160199,2,3,5,01,contiguous_2,2016-03-30T20:10:45,AlaynaWallace,847
1868492882051072438,2,11,13,01,contiguous_2,2016-01-23T00:41:49,Monica-Dunn-3,914
2186601690038272884,2,6,6,01,contiguous_2,2017-04-05T22:27:14,McKenna-Dome,476
2370679802429440031,2,4,11,01,contiguous_2,2017-12-15T21:57:35,Grayson-Kubow,222
1875440654352384085,2,5,12,01,contiguous_2,2016-02-01T14:45:48,Joey-Hynes,905
1845740443795456568,2,3,3,01,contiguous_2,2015-12-22T15:16:47,AnneMarie-Bryson,946
2230796031098880080,6,5,8,01,contiguous_2,2017-06-05T21:53:30,Curtis-Kestenbaum,415
1871270224330752050,2,4,4,01,contiguous_2,2016-01-26T20:39:54,Austin-Assentato,911
2023307838750720906,3,9,14,01,contiguous_2,2016-08-23T15:11:30,lexie-larson,701
2039624872493056068,2,4,7,01,contiguous_2,2016-09-15T03:30:32,lanebarnes,678
1984803641491456316,10,6,25,1,single_window,2016-07-01T12:10:32,JaredRule,754
1987331473014784876,2,5,5,01,contiguous_2,2016-07-04T23:52:53,Oliver-Briggs,751
2166947517038592598,3,5,6,01,contiguous_2,2017-03-09T19:37:54,bryanodonnell17,503
2272839096860672698,2,6,7,01,contiguous_2,2017-08-02T22:05:34,CesareFazzone,357
2334513988370432418,3,6,8,01,contiguous_2,2017-10-27T00:22:34,abdul-khanu,271
2002987652218880834,7,4,17,01,contiguous_2,2016-07-26T14:18:55,melissamcc,729
2071443533725696297,6,4,13,1,single_window,2016-10-29T01:08:32,Anna-Serafini-1,634
2025848353849344984,3,9,13,01,contiguous_2,2016-08-27T03:19:03,oliviadevos,697
1740778455957504463,5,9,11,01,contiguous_2,2015-07-30T19:36:03,Laura-Draughn,1091
2182187092803584963,2,6,8,01,contiguous_2,2017-03-30T20:16:13,Merrick-Martin,482
2230168370282496208,3,5,7,01,contiguous_2,2017-06-05T01:06:27,Troy-Weinstein,415
2158488671223808087,3,3,5,1,single_window,2017-02-26T03:31:41,KarsonThomas24,514
2128175035318272182,4,3,11,01,contiguous_2,2017-01-15T07:43:54,samueltolson,556
2072079692201984679,2,4,5,0,single_window,2016-10-29T22:12:28,Devlinh,634
2036083311247360563,9,8,15,01,contiguous_2,2016-09-10T06:14:05,Max_howes,683
2287235609133056030,6,6,11,01,contiguous_2,2017-08-22T18:48:52,Chris-Burns-59,337
2094475186798592803,9,3,13,1,single_window,2016-11-29T19:48:19,MattKelly21,603
2412610611838976188,3,4,8,012,steady_all3,2018-02-11T18:26:37,Anna-Hohman,164
2551146677796864811,2,7,7,1,single_window,2018-08-21T21:53:03,Jonny-Vogt,-27
2494724883611648997,2,4,4,01,contiguous_2,2018-06-05T01:33:01,Travis-Kircher,50
1694638293385216761,2,4,5,01,contiguous_2,2015-05-28T03:43:47,Myles-Messner,1154
2381576889434112933,3,6,7,1,single_window,2017-12-30T22:48:09,DaltonRogers3,207
2470024845459456977,3,4,5,0,single_window,2018-05-01T23:38:27,SammyT1414,85
2552716328960000734,4,5,8,01,contiguous_2,2018-08-24T01:51:40,Logan-Fackler,-30
2020860453978112743,5,4,8,01,contiguous_2,2016-08-20T06:08:59,MasonKondo,704
2204920488919040970,2,3,6,0,single_window,2017-05-01T05:03:25,Hunter-Swirsky,450
1728330885758976410,2,3,4,0,single_window,2015-07-13T15:24:57,Samantha-Deibler,1108
1927714114109440484,2,3,5,01,contiguous_2,2016-04-13T17:43:50,bennyrockower,833
1747147036819456353,2,3,6,01,contiguous_2,2015-08-08T14:29:17,Jaime-Gilman,1082
1869895448920064230,2,3,8,01,contiguous_2,2016-01-24T23:08:28,majik,913
2271973711282176297,4,7,10,01,contiguous_2,2017-08-01T17:26:12,Tyler-Clifford2,358
2296544212549632371,3,5,6,01,contiguous_2,2017-09-04T15:03:24,Gabe-Shaner,324
2069672715354112135,2,4,5,01,contiguous_2,2016-10-26T14:30:14,Quentin-Lloyd-2,637
2198908574892032884,2,3,4,01,contiguous_2,2017-04-22T21:58:49,drewmartin19,459
2052965963661312254,3,7,12,1,single_window,2016-10-03T13:16:54,Tristan-Lau,660
2262011324923904064,3,6,8,01,contiguous_2,2017-07-18T23:32:43,Erin-Seely-3,372
2311954806865920108,3,3,9,1,single_window,2017-09-25T21:21:30,Haden-Lader,303
2304553294757888464,3,5,7,01,contiguous_2,2017-09-15T16:16:01,JacobHartless82,313
1972245341667328476,2,3,8,01,contiguous_2,2016-06-14T04:19:26,sethedwards49,771
2081555262472192517,2,6,10,01,contiguous_2,2016-11-11T23:58:44,eillapaige,621
1864734559174656020,2,5,7,01,contiguous_2,2016-01-17T20:14:42,Danny-OGrady-1,920
1973561170329600090,2,5,12,01,contiguous_2,2016-06-15T23:53:45,NickEndre,770
2295119977906176362,2,4,9,01,contiguous_2,2017-09-02T15:53:42,Emily-Kirkpatrick-11,326
1894509671612416170,3,4,8,1,single_window,2016-02-27T22:12:32,MaddieArends,879
2367775750225920009,3,6,8,01,contiguous_2,2017-12-11T21:47:45,Joseph-Morelli-3,226
2281410207416320386,3,4,7,1,single_window,2017-08-14T17:54:50,Frank-Allegretti,345
2182116167122944710,4,4,7,01,contiguous_2,2017-03-30T17:55:18,Lauren-Johnson271,482
2096822193487872433,5,6,15,01,contiguous_2,2016-12-03T01:31:24,Grace-Schmalz,599
2010564050026496748,6,6,11,01,contiguous_2,2016-08-06T01:11:52,azin-merati,718
1606747911356416608,3,4,6,01,contiguous_2,2015-01-26T21:21:17,Ryan_First,1276
2019927699488768477,2,4,8,01,contiguous_2,2016-08-18T23:15:46,Em-Pizz,706
1981308544745472954,2,3,5,1,single_window,2016-06-26T16:26:24,Sam-Hecht-2,759
2081773257228288439,3,3,7,01,contiguous_2,2016-11-12T07:11:51,Don-McCaffrey,620
2198113645232128590,2,9,11,01,contiguous_2,2017-04-21T19:39:26,ElijahAdler,460
2087538722340864196,3,4,8,1,single_window,2016-11-20T06:06:48,samhemsworth,612
2179983623585792019,2,6,8,01,contiguous_2,2017-03-27T19:18:19,Sam-Scriba,485
2378721021394944167,3,5,20,01,contiguous_2,2017-12-27T00:14:03,Shannon-ODonnell-35,210
2282336745947136138,3,4,8,01,contiguous_2,2017-08-16T00:35:42,Drew_Phillips98,343
2286010872365056523,2,3,8,01,contiguous_2,2017-08-21T02:15:32,David-Liggett,338
2255279240511488035,2,3,4,01,contiguous_2,2017-07-09T16:37:16,fuckfingers,381
2060456009138176470,2,7,8,01,contiguous_2,2016-10-13T21:18:17,Alistair-McWilliam,650
1753247375163392685,3,5,8,01,contiguous_2,2015-08-17T00:29:34,Tyler-Mcadams,1073
1900955612217344066,3,4,10,01,contiguous_2,2016-03-07T19:39:28,Nassir,870
1766310434308096108,4,5,8,01,contiguous_2,2015-09-04T01:03:32,Quinn-Foley,1055
1834531518676992905,2,5,9,01,contiguous_2,2015-12-07T04:06:39,CJ-Grunhard,961
1888853585559552316,5,5,20,01,contiguous_2,2016-02-20T02:54:54,Frankie-Hagan,886
1761923821469696607,6,7,14,01,contiguous_2,2015-08-28T23:48:07,Corey-Santoni,1062
1772053770272768926,2,4,8,01,contiguous_2,2015-09-11T23:14:31,Hank-Assaf,1048
2072169399975937018,4,6,9,0,single_window,2016-10-30T01:10:42,FionaQ-,633
2251197780066304985,5,8,15,01,contiguous_2,2017-07-04T01:28:08,Grace-Frediani,386
2077836131172352657,2,4,4,01,contiguous_2,2016-11-06T20:49:29,willgunst,626
2038022941966336433,3,4,5,01,contiguous_2,2016-09-12T22:27:47,Alec-Riportella,681
2090863597453312794,2,4,8,0,single_window,2016-11-24T20:12:44,timschoof,608
1985837730365440732,2,5,5,0,single_window,2016-07-02T22:25:05,qwhite12,753
1795986821218304091,4,4,10,01,contiguous_2,2015-10-14T23:45:13,MadisonAdzema,1015
1390263146643456712,4,4,8,01,contiguous_2,2014-04-03T04:44:42,madison-hinchey,1574
1794963603980288537,2,3,3,0,single_window,2015-10-13T13:52:16,bentamsky,1016
2201774106607616526,4,3,11,01,contiguous_2,2017-04-26T20:52:07,Joe-Hegger,455
1892171372298240716,4,9,14,012,steady_all3,2016-02-24T16:46:45,cpark19,882
1908531632537600124,2,4,10,01,contiguous_2,2016-03-18T06:31:40,danieldouty,859
1924910616150016162,3,3,9,0,single_window,2016-04-09T20:53:47,Katie-Douty,837
2134298056458240369,4,6,14,01,contiguous_2,2017-01-23T18:29:15,Timothy-Harris-19,548
2303235830317056673,2,3,3,1,single_window,2017-09-13T20:38:27,Elijah-Lindsey,315
1945259374280704633,3,3,8,0,single_window,2016-05-07T22:43:08,Zachery-Portnoy,809
1848220292481024824,2,3,5,1,single_window,2015-12-26T01:23:48,Alexander-Boris-4,942
1598318148845569007,2,8,26,01,contiguous_2,2015-01-15T06:12:51,Fresh-Prints,1287
1885954432303104152,3,7,11,01,contiguous_2,2016-02-16T02:54:48,amberphillipsa,890
1840866394112000834,4,4,7,0,single_window,2015-12-15T21:52:55,Grant-Longardner,953
2290185765126144083,4,5,7,01,contiguous_2,2017-08-26T20:30:18,Andrew-Severino-1,333
2386757551128576274,4,4,7,01,contiguous_2,2018-01-07T02:21:12,KaitoHigashi,199
1846876194209792853,2,4,7,01,contiguous_2,2015-12-24T04:53:19,Kobi-Hekmat,944
1964861848289280807,7,13,26,012,steady_all3,2016-06-03T23:49:45,Gord0,782
2291166192074753022,2,5,9,01,contiguous_2,2017-08-28T04:58:14,Cameron-McKernan,331
1961721589661696321,3,4,7,01,contiguous_2,2016-05-30T15:50:37,Madigan-Baker,786
2140007477280768914,3,9,16,01,contiguous_2,2017-01-31T15:32:51,hughesbrennan,540
1837839524298752394,3,3,8,1,single_window,2015-12-11T17:39:04,ctay47,957
2475916953387008755,2,4,10,1,single_window,2018-05-10T02:45:01,sacinor,76
2040695913185281003,3,4,9,01,contiguous_2,2016-09-16T14:58:30,evankolinski18,677
2101936652288000941,5,8,11,01,contiguous_2,2016-12-10T02:52:55,Chris-Niswonger,592
2285991729561600382,3,3,5,01,contiguous_2,2017-08-21T01:37:30,Matt-Schermerhorn-1,338
2175557290688512343,2,3,6,01,contiguous_2,2017-03-21T16:43:59,Zachary-Piell,491
2055570743885824871,2,3,4,0,single_window,2016-10-07T03:32:08,jvogs26,656
2270364532998144104,3,7,9,012,steady_all3,2017-07-30T12:09:03,henryknez,360
2132297599942656461,2,6,7,01,contiguous_2,2017-01-21T00:14:42,CharlesBessen,550
2051753373597696943,2,3,4,01,contiguous_2,2016-10-01T21:07:42,oliviajacko,662
2035176745992192170,4,6,14,012,steady_all3,2016-09-09T00:12:54,John-Danner,684
1785685535096832474,4,5,17,01,contiguous_2,2015-09-30T18:38:24,Sydney-Meyer-6,1029
2367772537389056165,3,5,11,01,contiguous_2,2017-12-11T21:41:22,Doc-Crimmel,226
2114980845453312002,5,5,18,01,contiguous_2,2016-12-28T02:49:24,Sam-Furrer,574
2264235530780672955,3,8,12,01,contiguous_2,2017-07-22T01:11:49,Jc-Mautino,368
1961415246086144676,2,3,4,0,single_window,2016-05-30T05:41:58,ArielleYounessi,786
2020374367698944715,2,4,6,01,contiguous_2,2016-08-19T14:03:13,valeriyalozovan,705
1712408468914176038,5,7,17,1,single_window,2015-06-21T16:09:57,Nathanross324,1130
1871451611201536175,2,7,8,01,contiguous_2,2016-01-27T02:40:17,Paula-Lechleiter,910
1780853294235648045,2,4,5,1,single_window,2015-09-24T02:37:36,Piperhantho,1035
1784347543732224652,3,5,9,01,contiguous_2,2015-09-28T22:20:03,embulll,1031
2241411017605120606,3,6,13,012,steady_all3,2017-06-20T13:23:35,Erick-Tsaousidis,400
2016843283824640871,3,3,5,0,single_window,2016-08-14T17:07:35,deantetel23,710
1793637398609920179,2,4,6,01,contiguous_2,2015-10-11T17:57:20,kyaeger,1018
1849673518153728970,7,8,15,012,steady_all3,2015-12-28T01:31:06,Jagger-Alagna,940
1771076698767360844,4,5,6,0,single_window,2015-09-10T14:53:15,BDimodica,1049
2130138976223232570,6,4,8,01,contiguous_2,2017-01-18T00:45:54,max-fine-4,553
2152323128229888942,3,3,6,01,contiguous_2,2017-02-17T15:21:51,reidlev,523
1800312222384128604,3,6,15,01,contiguous_2,2015-10-20T22:59:01,Wongton317,1009
1963890925633536327,6,3,12,1,single_window,2016-06-02T15:40:42,Josh-Kane-19,783
2285853082648576584,6,3,13,01,contiguous_2,2017-08-20T21:02:02,Max-Motel,339
2106639356264448762,6,6,13,01,contiguous_2,2016-12-16T14:36:21,josh-walisiak,586
2269314287665152448,2,4,5,01,contiguous_2,2017-07-29T01:22:24,JackHauser14,361
2092870982959104217,2,3,4,01,contiguous_2,2016-11-27T14:41:03,mhaber22,605
2233531782660096587,3,5,7,01,contiguous_2,2017-06-09T16:28:57,Devin-Stieglitz,411
2154176415006720960,2,4,9,01,contiguous_2,2017-02-20T04:44:00,LoganStickney,520
2313400868667392802,2,3,7,1,single_window,2017-09-27T21:14:34,Max_Murray78,301
2283513181110272767,4,4,10,01,contiguous_2,2017-08-17T15:33:04,Rymolina7,342
2149742012268544112,3,9,21,01,contiguous_2,2017-02-14T01:53:38,NickWojcicki,526
2046046444191744948,4,4,15,01,contiguous_2,2016-09-24T00:09:03,Johnrobinson16,669
2189436871770112466,3,5,8,01,contiguous_2,2017-04-09T20:20:14,Lauratadros,472
1406838801170432222,2,12,13,01,contiguous_2,2014-04-26T01:37:34,grant-pennel,1551
1817807989768192028,2,3,7,01,contiguous_2,2015-11-14T02:19:59,Daniel-Akavi-1,984
2169284776165376657,4,3,7,1,single_window,2017-03-13T01:01:37,Sophie-Schall,499
1850477306183680437,3,4,5,01,contiguous_2,2015-12-29T04:08:05,anya_ditchek,939
1887376804675584651,4,10,16,01,contiguous_2,2016-02-18T02:00:48,Grace-Stryker,888
1771793698258944067,3,13,19,01,contiguous_2,2015-09-11T14:37:48,vickiemiller,1048
1857652854358016951,3,5,11,01,contiguous_2,2016-01-08T01:44:37,sabrinasaba1,929
2060921023234048076,2,3,4,01,contiguous_2,2016-10-14T12:42:11,ashley-grzeskowiak,649
1791796812185600688,2,3,4,0,single_window,2015-10-09T05:00:25,MaryCampbell-Kitchens,1020
2003324060565504819,2,6,8,01,contiguous_2,2016-07-27T01:27:18,Samtrainor,728
1975768322146304485,3,4,10,01,contiguous_2,2016-06-19T00:58:58,madisondyar,766
2045880752406528236,2,5,8,01,contiguous_2,2016-09-23T18:39:51,Hannah-Berretta,670
2138040759746560093,4,5,7,01,contiguous_2,2017-01-28T22:25:20,oliviarindone,543
1973546045669376603,2,3,3,01,contiguous_2,2016-06-15T23:23:42,Grace-Shulman,770
1986340719689728225,3,5,11,01,contiguous_2,2016-07-03T15:04:26,Clare-Morrissey,752
2177128493744128387,2,8,9,01,contiguous_2,2017-03-23T20:45:41,JuliaOstroff,489
2119257005490176458,2,4,6,01,contiguous_2,2017-01-03T00:25:22,Michael-Giannetti-2,568
2257481493381120365,2,3,6,01,contiguous_2,2017-07-12T17:32:45,NiketaKachroo,378
2137929241591808235,6,7,12,01,contiguous_2,2017-01-28T18:43:46,Collin-Hannan,543
2012670756651008082,24,7,42,0,single_window,2016-08-08T22:57:31,Brett-Munroe,716
2281496366809088670,4,3,8,0,single_window,2017-08-14T20:46:01,Wyatt-Henderson-1,345
1914959923511296175,8,4,16,01,contiguous_2,2016-03-27T03:23:32,Jason-Kamerman,850
2572941808107520828,6,7,9,1,single_window,2018-09-20T23:36:05,A-Duffy,-57
2377908551155712007,2,5,9,01,contiguous_2,2017-12-25T21:19:49,DeclanT,212
2131763715375104685,3,6,6,01,contiguous_2,2017-01-20T06:33:58,Zachary-Kehlor,551
2293802412802048504,4,6,13,01,contiguous_2,2017-08-31T20:15:56,zachmartakis,328
1937721857671168021,3,5,11,01,contiguous_2,2016-04-27T13:07:26,Tommy-Boland-2,819
2397523809402880349,4,5,8,012,steady_all3,2018-01-21T22:51:50,cameron-Kosegi,185
2300195974938624977,2,5,10,012,steady_all3,2017-09-09T15:58:48,Noah-Tennison,319
2294666582032384305,2,4,5,012,steady_all3,2017-09-02T00:52:53,Brandon-Escandon,326
1988697901760512134,2,3,4,01,contiguous_2,2016-07-06T21:07:44,Susan-Marcus-2,749
1752957339041792019,2,4,12,01,contiguous_2,2015-08-16T14:53:19,Lindsey-Wasserman,1074
2000761902858240452,3,4,8,01,contiguous_2,2016-07-23T12:36:45,Katie-Goldenberg,732
1986829666484224332,2,3,5,01,contiguous_2,2016-07-04T07:15:53,Morgan-Mahler,751
1818423361273856450,4,3,6,01,contiguous_2,2015-11-14T22:42:37,nicoleaxelrod,984
1784130522054656786,2,4,6,01,contiguous_2,2015-09-28T15:08:52,Emmagattuso,1031
1756783206989824998,5,4,8,01,contiguous_2,2015-08-21T21:34:38,beccaadams,1069
1753178546634752520,3,3,8,01,contiguous_2,2015-08-16T22:12:49,mattyice_01,1074
2250895513354240866,2,5,6,0,single_window,2017-07-03T15:27:35,cmill99,387
1959792914464768794,2,5,9,012,steady_all3,2016-05-27T23:58:41,kristenkordesh,789
2283150164099072990,2,7,10,01,contiguous_2,2017-08-17T03:31:49,Jack-Hargens,342
1768359519584256885,2,5,9,1,single_window,2015-09-06T20:54:42,gilliansneider,1053
1880036898504704992,4,7,16,01,contiguous_2,2016-02-07T22:57:43,Matt-Santola,899
1723270055329792304,2,3,7,01,contiguous_2,2015-07-06T15:49:59,parkernusim,1115
2276357622988800387,3,6,8,01,contiguous_2,2017-08-07T18:36:15,Rpharrell,352
2121487997730816658,3,6,13,01,contiguous_2,2017-01-06T02:17:57,Peter-Fassnacht,565
1878819988307968252,4,3,7,0,single_window,2016-02-06T06:39:56,Dani-Jabsheh,900
1543788799459328779,2,4,9,01,contiguous_2,2014-11-01T00:32:46,blake-bieniek,1362
1825844116848640136,5,4,7,01,contiguous_2,2015-11-25T04:26:20,Ned_Sullivan,973
1861026593112064369,3,4,5,01,contiguous_2,2016-01-12T17:27:38,Kailey-Cavanaugh,925
1877672493842432988,2,8,10,01,contiguous_2,2016-02-04T16:40:04,Kaitlyn-Schloz,902
1779262134681600537,2,3,3,01,contiguous_2,2015-09-21T21:56:15,Alexandra-Robelo,1038
1792353337606144186,6,5,10,01,contiguous_2,2015-10-09T23:26:08,Conor-Hogan-3,1020
1723636696219648622,4,5,13,0,single_window,2015-07-07T03:58:26,lukeshea33,1114
1738552010342400804,4,7,9,01,contiguous_2,2015-07-27T17:52:30,Andrew-Fay-1,1094
1699329563688960520,3,7,7,1,single_window,2015-06-03T15:04:30,Charlie-Wooding,1148
1797212707225600367,2,4,8,01,contiguous_2,2015-10-16T16:20:50,charlenefunai,1013
2451996510519296658,2,3,5,01,contiguous_2,2018-04-07T02:39:22,Will-Devers,109
2025118922440704910,4,6,9,01,contiguous_2,2016-08-26T03:09:48,Shannon-Falkenberg,698
1877250135818240512,2,3,4,01,contiguous_2,2016-02-04T02:40:55,HarryKurker,902
1876302701264896031,2,6,12,01,contiguous_2,2016-02-02T19:18:32,David-Eckert-4,904
2167301877006336992,2,3,5,1,single_window,2017-03-10T07:21:57,tpauly_11,502
2048907051794432124,3,6,12,01,contiguous_2,2016-09-27T22:52:34,Kian-Heiat,666
1885238934372352972,2,5,8,1,single_window,2016-02-15T03:13:14,Mike-Dean45,891
2019103510364160316,2,3,9,01,contiguous_2,2016-08-17T19:58:15,abseifert99,707
2205451840126976926,3,3,5,01,contiguous_2,2017-05-01T22:39:07,Connor-Saslow,450
2186611160776704809,4,5,13,01,contiguous_2,2017-04-05T22:46:03,Brett-Nordmeyer,476
2062641107304448635,4,3,5,0,single_window,2016-10-16T21:39:41,Clay-Pine,647
2123651075801088252,6,7,15,01,contiguous_2,2017-01-09T01:55:36,michael_ragno,562
2018651146289152625,3,4,12,01,contiguous_2,2016-08-17T04:59:29,Brucie-Porter,707
2010501655560192623,3,5,8,1,single_window,2016-08-05T23:07:54,Isabelle-Macdonald-2,719
1826929510449152839,3,6,7,1,single_window,2015-11-26T16:22:49,sofiaolenchek,972
1843726271905793017,2,3,3,1,single_window,2015-12-19T20:34:59,Billy-Deflin,949
1695814845988864625,5,9,14,01,contiguous_2,2015-05-29T18:41:23,ReedPorter,1153
2032475471609856723,6,9,14,01,contiguous_2,2016-09-05T06:45:57,Tucker-Pike,688
1818469003689984407,5,8,13,01,contiguous_2,2015-11-15T00:13:18,jimmydouglas10,983
2296231208419328985,6,5,15,1,single_window,2017-09-04T04:41:31,Jack-OConnor-27,324
1859911042465792913,3,4,8,01,contiguous_2,2016-01-11T04:31:14,BryceEzralow,926
2044370928795648820,5,10,15,01,contiguous_2,2016-09-21T16:40:06,cpriceless99,672
1919909638438912522,2,4,5,01,contiguous_2,2016-04-02T23:17:44,Will-Hobin,844
2011283985530880551,3,5,7,01,contiguous_2,2016-08-07T01:02:15,Thomas-Schmitz-1,717
2248216217124864378,2,4,8,01,contiguous_2,2017-06-29T22:44:18,Parker-Bowen-1,391
2254841095127040800,4,4,9,01,contiguous_2,2017-07-09T02:06:45,Danny-Callanan,381
2184254163255296613,4,4,8,01,contiguous_2,2017-04-02T16:43:07,Matt-Schellaci,479
2174298177404928947,3,5,11,01,contiguous_2,2017-03-19T23:02:21,Umer-Ehsan,493
2244517403033600054,3,4,5,01,contiguous_2,2017-06-24T20:15:25,Dulthreart,396
2036358868631552805,3,3,6,01,contiguous_2,2016-09-10T15:21:34,kenzieshea,683
2019024338681856231,4,3,15,1,single_window,2016-08-17T17:20:57,kclower,707
1990823616970752664,6,7,9,01,contiguous_2,2016-07-09T19:31:09,kelseyterry,746
2080846441873409018,2,11,15,01,contiguous_2,2016-11-11T00:30:26,kellymorrissey3,621
1861761116405760862,3,5,12,1,single_window,2016-01-13T17:47:00,Anna-Knightly,924
2045876902035456450,4,10,15,01,contiguous_2,2016-09-23T18:32:12,nicolelevinson,670
2133160015953920060,6,4,12,0,single_window,2017-01-22T04:48:10,Graham-Vandiver,549
1951271456079872351,2,4,11,01,contiguous_2,2016-05-16T05:48:04,mariakeddie,800
1755632734568448093,3,8,12,01,contiguous_2,2015-08-20T07:28:51,Hurley-Fidel,1070
2312177524408320560,2,3,3,0,single_window,2017-09-26T04:44:00,Blake-Hickey-4,302
2317630278991872165,2,3,6,01,contiguous_2,2017-10-03T17:17:39,AJ-Gallen,295
1305852191440896508,5,7,10,01,contiguous_2,2013-12-07T17:35:12,mikek5,1691
1969188272865280881,2,5,10,01,contiguous_2,2016-06-09T23:05:35,Nico-Cheze,776
2290957567393792017,7,7,24,01,contiguous_2,2017-08-27T22:03:44,MaxDanoff,332
2176414564483072421,4,7,11,1,single_window,2017-03-22T21:07:14,Kyle-Stringer-2,490
2196765981802496004,2,3,6,01,contiguous_2,2017-04-19T23:01:52,maxlore99,462
2230691240607744553,2,4,6,1,single_window,2017-06-05T18:25:18,Brock-Rice-3,415
2062240341557248420,3,6,7,01,contiguous_2,2016-10-16T08:23:26,benwilliams4,647
1769767262224384497,2,3,6,01,contiguous_2,2015-09-08T19:31:38,BrandonSeth,1051
1890930764283904365,2,3,6,1,single_window,2016-02-22T23:41:53,Kendall-Felix,884
2334586457554944316,2,3,4,1,single_window,2017-10-27T02:46:33,jakelaubhan,271
2544503470686208737,2,5,6,1,single_window,2018-08-12T17:54:11,Matt-Cerwinske,-18
2495474758057984761,2,3,3,012,steady_all3,2018-06-06T02:22:53,ryanburger-,49
2390120275640320509,2,5,7,01,contiguous_2,2018-01-11T17:42:20,kadenjacobs,195
2457745936613376208,11,6,12,01,contiguous_2,2018-04-15T01:02:27,Matt-Mottonen,101
2528866132295680033,8,3,11,01,contiguous_2,2018-07-22T04:05:35,Jack-Yancey-1,3
2550598314491904088,3,7,7,01,contiguous_2,2018-08-21T03:43:33,Danny-Bushacra,-27
2003352019795968398,4,3,5,01,contiguous_2,2016-07-27T02:22:51,Alec-Vedder,728
1845089387151360086,2,4,8,0,single_window,2015-12-21T17:43:15,Chris-Schofield-1,947
2031349426814976626,2,7,8,01,contiguous_2,2016-09-03T17:28:42,Jeremy-Auh,690
2196740774035456902,3,5,18,01,contiguous_2,2017-04-19T22:11:47,PrestonSamuelson,462
2258585098649600835,3,5,7,0,single_window,2017-07-14T06:05:25,Ethan-Reisbaum,376
1651570181668864944,2,6,9,01,contiguous_2,2015-03-29T17:35:08,Justin-Princer,1214
2254868148387840996,4,7,10,01,contiguous_2,2017-07-09T03:00:30,Justinsmith272,381
2317897623928832707,2,5,7,01,contiguous_2,2017-10-04T02:08:49,Vincent-Chen-39,294
2270563082960896014,3,8,10,01,contiguous_2,2017-07-30T18:43:32,ERey_7,360
1810508105646080479,2,3,8,01,contiguous_2,2015-11-04T00:36:25,Jimmy-Stutz-1,994
2032157954408448170,5,6,10,01,contiguous_2,2016-09-04T20:15:06,RayaCustard,689
2261972678606848704,2,4,7,01,contiguous_2,2017-07-18T22:15:56,LizaBurke2,372
1862774846128128188,2,5,13,0,single_window,2016-01-15T03:21:06,molliedwyer,922
1933007308980224871,2,3,4,01,contiguous_2,2016-04-21T01:00:28,Olivia-Raimondi,825
1838814590926848552,3,3,9,01,contiguous_2,2015-12-13T01:56:21,Hadley-Lane,955
2288949712125952689,3,3,7,01,contiguous_2,2017-08-25T03:34:29,Reni-Bedrosian,334
2022599160758272291,3,3,6,1,single_window,2016-08-22T15:43:29,cvdaley,702
2177769014296577009,6,5,11,01,contiguous_2,2017-03-24T17:58:17,lisaswartzz,488
2321241818005504794,2,6,8,01,contiguous_2,2017-10-08T16:53:08,shelbythompson77,290
1790199109517312625,3,4,8,01,contiguous_2,2015-10-07T00:06:04,Scotty-Crouthamel,1022
2307561290203136553,8,4,20,01,contiguous_2,2017-09-19T19:52:22,Paul-Ostrach,309
2081442980954112731,2,6,9,01,contiguous_2,2016-11-11T20:15:39,SenayOzkan,621
2167729050091520168,2,4,8,1,single_window,2017-03-10T21:30:40,Isabel-Schuman,502
1496116877066240129,2,3,4,0,single_window,2014-08-27T05:57:10,tucker-clark,1428
1754567087751168761,2,3,6,01,contiguous_2,2015-08-18T20:11:36,EricDunning,1072
1897517834829824215,3,3,5,01,contiguous_2,2016-03-03T01:49:13,abbysawyer,874
2306682340245504624,2,4,8,01,contiguous_2,2017-09-18T14:46:03,Nathan-Bengal,310
2305620678017024708,2,4,4,01,contiguous_2,2017-09-17T03:36:43,hvonbargen,311
2287120450322432145,2,4,8,0,single_window,2017-08-22T15:00:04,Margaretnevins,337
2243935132975104579,3,3,6,01,contiguous_2,2017-06-24T00:58:33,Branch-Bobbitt,396
1590054329778176924,2,4,8,012,steady_all3,2015-01-03T20:34:07,Michael-Potter-1,1299
1703081284730881013,2,3,7,01,contiguous_2,2015-06-08T19:18:30,Jake-Sklena,1143
2293676407521280865,2,3,4,01,contiguous_2,2017-08-31T16:05:35,Kyle-Anderson-177,328
2206181791629312510,2,8,12,01,contiguous_2,2017-05-02T22:49:24,safieezy,449
1933726556618752355,2,8,17,01,contiguous_2,2016-04-22T00:49:29,Chris-Nunes-1,824
1824403012714496493,2,5,10,01,contiguous_2,2015-11-23T04:43:07,Chris-Page-6,975
1786458343997440585,3,5,8,01,contiguous_2,2015-10-01T20:13:50,AdamWiechman,1028
1789615614722048114,2,3,9,02,reappeared_skipW2,2015-10-06T04:46:46,Alex-Bender-3,1023
1912517907447808840,2,5,7,01,contiguous_2,2016-03-23T18:31:41,bmons,854
1900925505503232181,2,3,5,01,contiguous_2,2016-03-07T18:39:39,Sean-Howley-1,870
1790920622080000792,5,8,13,01,contiguous_2,2015-10-07T23:59:35,Charlie-Hallett,1022
2145463008493568110,3,3,6,0,single_window,2017-02-08T04:12:01,Megan-Jones18,532
2313466517913600801,3,3,6,0,single_window,2017-09-27T23:25:00,GraceBayston,301
1872577890877440559,3,4,10,01,contiguous_2,2016-01-28T15:58:00,Kaylee-Lakes,909
1987853697417216311,3,7,7,01,contiguous_2,2016-07-05T17:10:27,jordanmckinn3y,750
2042337966424064326,2,6,13,01,contiguous_2,2016-09-18T21:20:58,megangale12,675
2290921571876864040,4,4,15,01,contiguous_2,2017-08-27T20:52:13,Katwolf1,332
2295503362457600952,2,3,4,01,contiguous_2,2017-09-03T04:35:25,Laura-Blank,325
2236678584401920842,2,3,10,01,contiguous_2,2017-06-14T00:41:05,Ben-Laveck,406
1825911670308864686,4,4,7,01,contiguous_2,2015-11-25T06:40:33,Asher-Hirsch,973
2020032783581184615,3,9,12,01,contiguous_2,2016-08-19T02:44:33,mikeyb43,705
1837769580085248706,2,6,11,01,contiguous_2,2015-12-11T15:20:06,Elizabeth-Bish,957
1840045996638208705,2,3,8,01,contiguous_2,2015-12-14T18:42:56,Dan-Furrer,954
2072856385028096845,2,5,7,012,steady_all3,2016-10-30T23:55:37,Jacob-Greuling,633
2200532156416000018,3,4,8,01,contiguous_2,2017-04-25T03:44:35,heyleslaay,456
2137550571438080232,2,4,8,01,contiguous_2,2017-01-28T06:11:25,Dominic-Cockell,543
2009234573099008395,2,13,23,01,contiguous_2,2016-08-04T05:10:26,marisgentry,720
1692409364742144553,2,4,11,0,single_window,2015-05-25T01:55:18,sophiamanzanares,1157
1838904860737536482,4,9,17,01,contiguous_2,2015-12-13T04:55:42,MariaSoc,955
2228561029103616023,2,7,9,01,contiguous_2,2017-06-02T19:52:57,Dylan-Hendricks-6,418
2086975192432640513,3,6,12,0,single_window,2016-11-19T11:27:10,KylerJobe,613
1959616074219520622,5,21,26,01,contiguous_2,2016-05-27T18:07:20,JulianXChow,789
1835834495991808746,2,3,5,01,contiguous_2,2015-12-08T23:15:26,sekoziol,960
1924299548000256803,2,3,10,1,single_window,2016-04-09T00:39:42,Anna-Cote,837
1846691711942656802,2,3,8,0,single_window,2015-12-23T22:46:47,Mark-Beuoy,945
1847557986713600556,2,3,4,01,contiguous_2,2015-12-25T03:27:55,Nick-Garvin-1,943
1282957104906240321,4,7,13,1,single_window,2013-11-06T03:26:45,dylanshoosh,1722
2412726643064832165,4,4,7,1,single_window,2018-02-11T22:17:09,Crife255,164
2239438755201024817,8,6,24,01,contiguous_2,2017-06-17T20:05:03,Benbencollins,403
2265553389486080974,5,8,10,01,contiguous_2,2017-07-23T20:50:10,rossfisher23,367
2258302419337216173,5,3,12,01,contiguous_2,2017-07-13T20:43:47,GregTaylor5,377
1616714315857920835,2,8,11,01,contiguous_2,2015-02-09T15:22:45,DylanDamavandi,1262
2100398114471936106,2,5,9,01,contiguous_2,2016-12-07T23:56:07,jackbeck5,595
2106671820177408947,5,6,10,1,single_window,2016-12-16T15:40:51,Ethan-Locke,586
1766327672897536262,3,4,6,01,contiguous_2,2015-09-04T01:37:47,Dan-Danzger,1055
2068271146729472171,3,4,6,1,single_window,2016-10-24T16:05:34,brandon-meyers-,639
2317767256571904837,4,4,9,01,contiguous_2,2017-10-03T21:49:48,Jordan-Feinberg-2,295
2159850561732608350,3,7,11,01,contiguous_2,2017-02-28T00:37:31,ncook98,512
2030079257346048028,4,6,9,01,contiguous_2,2016-09-01T23:25:06,SeanCullen7,692
2169358142930944095,2,3,4,01,contiguous_2,2017-03-13T03:27:23,Jimmy-Freskos,499
2293104371564544495,3,3,5,01,contiguous_2,2017-08-30T21:09:03,Troy-Fonville,329
2093072460546048330,3,3,6,12,contiguous_2,2016-11-27T21:21:21,Kolin-Clark-1,605
1984591384543232416,5,3,6,01,contiguous_2,2016-07-01T05:08:49,Grantgaon,754
2046123292229632969,3,4,5,01,contiguous_2,2016-09-24T02:41:44,Jp-Navetta,669
2531772013215744247,2,4,4,1,single_window,2018-07-26T04:19:03,Garrett-Bollenbacher,-1
2302794262380544801,2,3,5,01,contiguous_2,2017-09-13T06:01:08,Casey-Natsch,315
2303341233176576878,5,5,10,01,contiguous_2,2017-09-14T00:07:52,Pablo-Huizar,314
2175118566490112823,2,5,5,01,contiguous_2,2017-03-21T02:12:19,Will-Hauser-2,491
2104775424344064233,4,3,13,01,contiguous_2,2016-12-14T00:53:03,JesusCisneros,588
2262596019290112653,3,3,4,01,contiguous_2,2017-07-19T18:54:24,jackmcmenamin,371
2300983665229824638,2,4,5,01,contiguous_2,2017-09-10T18:03:48,Benjamin-Oostendorp,318
2308482929786880401,2,3,11,0,single_window,2017-09-21T02:23:30,Trevor-Endres,307
2261030889586688373,2,3,4,01,contiguous_2,2017-07-17T15:04:46,Daniel-Noah,373
1850172011184128831,4,3,12,01,contiguous_2,2015-12-28T18:01:31,Andrew-Slovis,940
1856132914085888694,2,5,8,01,contiguous_2,2016-01-05T23:24:46,jmcinerney17,932
2059056747380737019,2,3,6,0,single_window,2016-10-11T22:58:12,EleniTrapp,652
2327928687820800213,4,6,11,01,contiguous_2,2017-10-17T22:18:45,JosephHace,281
1737351793475584263,3,3,8,01,contiguous_2,2015-07-26T02:07:53,Sean-Muldoon-2,1095
2081053413998592737,3,7,13,1,single_window,2016-11-11T07:21:39,lexinavarro,621
1858155902402560194,2,4,6,01,contiguous_2,2016-01-08T18:24:05,noraspillane97,929
2023392127483904656,3,6,10,01,contiguous_2,2016-08-23T17:58:58,Brosati,701
2283882430857216226,2,3,9,1,single_window,2017-08-18T03:46:42,Chloe-Beckett,341
2101253752487936505,2,3,3,01,contiguous_2,2016-12-09T04:16:07,Sam_Laird_1,593
1767030520807424126,2,4,9,0,single_window,2015-09-05T00:54:13,adamschrep,1054
2092433835819009021,2,4,13,01,contiguous_2,2016-11-27T00:12:31,Katie-Lambert-7,605
1796965553668096816,2,7,11,01,contiguous_2,2015-10-16T08:09:47,Glen-Kim-6,1013
2112289788395520241,4,8,10,01,contiguous_2,2016-12-24T09:42:45,MaxMarkel,578
2310802723831808016,3,4,5,01,contiguous_2,2017-09-24T07:12:31,Michaelschultz23,304
1906246433112064632,6,7,12,01,contiguous_2,2016-03-15T02:51:23,Will-Vance-1,862
2146002244993024492,2,4,5,01,contiguous_2,2017-02-08T22:03:23,JamesMantione,532
2146003427786752411,2,4,10,01,contiguous_2,2017-02-08T22:05:44,tfrizzell999,532
1969257906700288670,4,8,12,012,steady_all3,2016-06-10T01:23:56,Landon-Marx,775
1905899111186432833,5,10,13,01,contiguous_2,2016-03-14T15:21:19,elijahking121,863
2300219412709376308,2,7,7,01,contiguous_2,2017-09-09T16:45:22,Aidan-Barry-1,319
1968297595633664020,2,6,9,01,contiguous_2,2016-06-08T17:35:58,justinlevine23,777
2122179235807232094,2,7,13,01,contiguous_2,2017-01-07T01:11:19,Grant-Stanley-1,564
2052351816892416027,2,4,6,0,single_window,2016-10-02T16:56:42,AlbertBleznak,661
1902633535143936471,2,4,7,01,contiguous_2,2016-03-10T03:13:12,kadenanderson2,867
2152486982909952492,4,12,17,01,contiguous_2,2017-02-17T20:47:24,Jackfox,523
2219371678138368087,2,4,10,02,reappeared_skipW2,2017-05-21T03:35:21,eli-land1,430
2195745633468416923,8,11,25,012,steady_all3,2017-04-18T13:14:37,jaysonflum,463
2070651087093760562,6,7,19,01,contiguous_2,2016-10-27T22:54:05,Luke-Kincaid-2,636
2094496292536320024,7,5,9,01,contiguous_2,2016-11-29T20:30:15,EJWerz,603
2032928498384896891,4,7,8,1,single_window,2016-09-05T21:46:02,michaelbloom1,688
2470759897235456403,2,3,7,01,contiguous_2,2018-05-02T23:58:52,Brandon-Benudiz,84
2037449177956352801,4,3,5,1,single_window,2016-09-12T03:27:49,Justin-Navarro23,681
2278160410345472702,3,5,6,01,contiguous_2,2017-08-10T06:18:04,akostainsek,349
2304632592269312039,2,4,5,01,contiguous_2,2017-09-15T18:53:34,Jeffrey-Falco,313
2222804942454784932,2,5,9,01,contiguous_2,2017-05-25T21:16:38,jakesteiner1,426
1974170887913472871,4,5,11,01,contiguous_2,2016-06-16T20:05:09,josh-slovin-2,769
2484491603935232552,7,6,10,01,contiguous_2,2018-05-21T22:41:19,Cade-Bader,65
2547071760465920179,4,5,9,1,single_window,2018-08-16T06:56:55,Jake-Vavala,-22
2117189817597952221,3,5,8,1,single_window,2016-12-31T03:58:14,aribrozki,571
1910489860800512155,6,14,21,01,contiguous_2,2016-03-20T23:22:19,Evangregg,857
2328013127548928208,2,3,4,1,single_window,2017-10-18T01:06:31,sfritsch,280
2547280611639296738,4,6,13,1,single_window,2018-08-16T13:51:52,gdidario,-22
2062771415941120822,2,5,8,1,single_window,2016-10-17T01:58:35,liam_foley,646
1796733541548032451,2,3,8,1,single_window,2015-10-16T00:28:49,Tyler-Chittavong,1013
1827237171036160814,3,6,8,01,contiguous_2,2015-11-27T02:34:05,Joe-Rohaly,971
1844600079646720903,3,3,7,01,contiguous_2,2015-12-21T01:31:05,Danny-Moore-8,947
1807414730948608478,2,4,7,01,contiguous_2,2015-10-30T18:10:26,Margaret-Flood,999
1832236965953536495,3,3,5,01,contiguous_2,2015-12-04T00:07:47,haleysteiger,964
1819286456762368610,5,3,9,1,single_window,2015-11-16T03:17:26,Chico-Sumayao,982
1639420750987264898,6,17,31,01,contiguous_2,2015-03-12T23:16:23,Paxton-Andraos,1231
2226398018142208813,2,3,7,01,contiguous_2,2017-05-30T20:15:26,Kelli-Kull-1,421
1749764936826880221,2,4,12,0,single_window,2015-08-12T05:10:35,abefleck,1078
1727052067635200336,3,6,11,01,contiguous_2,2015-07-11T21:04:10,Avery-Bernstein,1110
1924388903452672419,2,3,5,1,single_window,2016-04-09T03:37:14,Shivani-Patel-23,837
1647942083543040620,4,3,10,01,contiguous_2,2015-03-24T17:26:45,darbybricker,1219
2129962286972929010,2,5,9,01,contiguous_2,2017-01-17T18:54:51,JulianaArbelaez,554
2035843556442112339,3,8,10,01,contiguous_2,2016-09-09T22:17:44,Claire-Mcauliffe-1,684
1774954181820416137,3,5,9,01,contiguous_2,2015-09-15T23:17:07,MegDupriest,1044
2028007673823232103,2,5,6,0,single_window,2016-08-30T02:49:14,Elizabeth-DeAtkine,694
2020067764076544589,3,3,6,01,contiguous_2,2016-08-19T03:54:03,Andrew-Keller12,705
1934206552768512187,4,3,16,01,contiguous_2,2016-04-22T16:43:09,Carley_Pasquale,824
1886041027903488125,2,3,6,01,contiguous_2,2016-02-16T05:46:51,ashlynhoff,890
2232705244725248116,2,3,5,01,contiguous_2,2017-06-08T13:06:46,Aabi-Laal,412
2175076950605824532,6,5,13,01,contiguous_2,2017-03-21T00:49:38,Jack-Moran-12,491
2256810924834816326,2,6,7,01,contiguous_2,2017-07-11T19:20:27,Kathleen-Ho-1,379
2044087192518656277,4,3,6,01,contiguous_2,2016-09-21T07:16:22,AlexDoughty,672
2297444821893120789,11,9,21,01,contiguous_2,2017-09-05T20:52:45,Zach-Martens-3,323
1802207418646528815,10,4,19,01,contiguous_2,2015-10-23T13:44:26,Alex-Kleisner,1006
2299597514866688760,11,3,17,01,contiguous_2,2017-09-08T20:09:46,ddrewsmith,320
2387656717631488916,2,4,5,1,single_window,2018-01-08T08:07:41,SawyerMay12,198
2133876998668288297,2,4,9,01,contiguous_2,2017-01-23T04:32:41,Jamil-Patton,548
2299570671321088057,3,5,7,01,contiguous_2,2017-09-08T19:16:26,cjnkemere,320
